Date;Open;High;Low;Close
01-Jan-14;754.97;775.35;754.97;771.40
02-Jan-14;773.44;820.31;767.21;802.39
03-Jan-14;802.85;834.15;789.12;818.72
04-Jan-14;823.27;859.51;801.67;859.51
05-Jan-14;858.55;952.40;854.52;933.53
06-Jan-14;936.05;1017.12;905.71;953.29
07-Jan-14;946.49;965.74;802.00;802.00
08-Jan-14;795.99;870.68;776.18;842.72
09-Jan-14;841.47;864.36;804.14;846.86
10-Jan-14;846.69;871.19;822.60;868.48
11-Jan-14;867.32;921.48;861.72;913.95
12-Jan-14;919.60;928.52;851.17;863.22
13-Jan-14;860.19;861.29;806.05;841.20
14-Jan-14;843.17;855.69;825.66;833.27
15-Jan-14;833.12;872.81;830.86;860.90
16-Jan-14;860.29;866.16;835.63;835.63
17-Jan-14;834.49;842.91;797.63;814.64
18-Jan-14;816.07;841.49;816.07;840.00
19-Jan-14;839.66;870.96;825.53;870.96
20-Jan-14;871.39;886.39;853.87;870.20
21-Jan-14;869.65;881.20;855.93;863.91
22-Jan-14;867.21;870.15;837.36;845.59
23-Jan-14;845.46;851.57;819.32;822.04
24-Jan-14;822.43;822.43;783.58;797.07
25-Jan-14;796.24;861.45;792.96;853.61
26-Jan-14;853.68;897.02;844.86;885.28
27-Jan-14;884.60;893.00;757.11;771.39
28-Jan-14;774.02;832.50;766.98;812.51
29-Jan-14;809.96;836.87;809.85;826.00
30-Jan-14;826.02;830.50;799.06;819.03
31-Jan-14;818.43;831.87;812.60;829.92
01-Feb-14;828.61;853.52;827.11;832.58
02-Feb-14;832.90;844.72;820.67;825.37
03-Feb-14;824.08;826.48;807.22;823.83
04-Feb-14;823.77;840.17;820.94;827.96
05-Feb-14;829.96;837.32;811.91;811.91
06-Feb-14;815.59;819.81;770.59;781.55
07-Feb-14;783.20;783.20;654.35;712.40
08-Feb-14;699.57;721.82;661.87;673.92
09-Feb-14;671.46;712.27;655.25;682.90
10-Feb-14;681.32;703.71;550.50;681.03
11-Feb-14;683.50;712.46;636.66;672.17
12-Feb-14;672.38;672.90;643.04;651.72
13-Feb-14;651.08;657.99;601.91;605.24
14-Feb-14;601.17;691.72;541.04;661.99
15-Feb-14;660.90;661.84;632.84;650.92
16-Feb-14;651.30;665.10;584.17;616.63
17-Feb-14;614.23;656.95;607.31;626.27
18-Feb-14;627.16;645.76;612.54;626.60
19-Feb-14;625.97;631.77;618.70;623.03
20-Feb-14;623.09;627.73;556.14;556.14
21-Feb-14;556.88;582.96;530.47;574.16
22-Feb-14;574.24;614.48;558.58;605.42
23-Feb-14;606.47;639.91;599.70;605.82
24-Feb-14;606.04;607.61;538.70;546.32
25-Feb-14;540.24;541.38;420.41;538.71
26-Feb-14;537.04;603.80;532.58;582.69
27-Feb-14;581.65;594.05;566.62;578.77
28-Feb-14;579.70;584.14;545.17;549.26
01-Mar-14;549.92;573.38;539.29;565.61
02-Mar-14;567.23;570.48;553.27;559.79
03-Mar-14;562.56;702.91;560.52;667.76
04-Mar-14;668.24;696.22;655.68;666.78
05-Mar-14;666.24;674.28;646.28;665.51
06-Mar-14;664.52;669.77;649.79;663.86
07-Mar-14;664.31;665.34;616.35;629.15
08-Mar-14;629.66;635.14;604.46;617.45
09-Mar-14;616.31;643.95;612.35;636.96
10-Mar-14;636.33;644.76;615.02;627.79
11-Mar-14;627.95;638.42;618.84;634.11
12-Mar-14;631.91;648.03;629.51;632.10
13-Mar-14;633.62;644.20;630.85;638.14
14-Mar-14;638.14;639.53;627.21;628.80
15-Mar-14;629.37;639.14;627.30;636.12
16-Mar-14;636.50;637.52;628.11;631.11
17-Mar-14;630.92;632.68;616.85;622.37
18-Mar-14;621.84;622.39;603.80;614.83
19-Mar-14;613.90;622.00;609.10;609.89
20-Mar-14;609.74;609.74;587.49;588.77
21-Mar-14;588.29;604.59;561.81;571.49
22-Mar-14;571.18;572.55;554.39;565.04
23-Mar-14;565.76;570.24;560.88;561.27
24-Mar-14;562.51;586.56;551.77;583.41
25-Mar-14;585.03;585.44;572.60;583.92
26-Mar-14;583.48;590.03;570.96;580.83
27-Mar-14;580.26;580.56;471.24;471.24
28-Mar-14;477.14;526.02;473.23;495.67
29-Mar-14;501.71;504.86;489.73;491.17
30-Mar-14;492.37;492.37;444.18;460.27
31-Mar-14;462.30;483.02;443.36;457.00
01-Apr-14;457.00;495.34;457.00;478.38
02-Apr-14;479.14;495.05;431.27;437.14
03-Apr-14;436.44;449.57;414.89;444.72
04-Apr-14;445.66;454.65;429.09;447.53
05-Apr-14;446.67;463.57;444.20;461.91
06-Apr-14;463.40;466.32;452.97;460.50
07-Apr-14;461.47;462.56;445.12;449.42
08-Apr-14;447.61;457.42;446.11;453.09
09-Apr-14;453.18;455.73;441.93;442.73
10-Apr-14;442.26;443.37;358.73;365.18
11-Apr-14;363.71;429.77;351.27;420.95
12-Apr-14;420.89;439.61;415.79;421.12
13-Apr-14;421.46;427.40;395.25;414.06
14-Apr-14;414.83;469.75;407.37;458.79
15-Apr-14;458.37;519.00;453.54;515.59
16-Apr-14;522.18;542.38;502.78;527.40
17-Apr-14;529.07;533.52;484.87;495.96
18-Apr-14;495.80;498.60;472.74;479.64
19-Apr-14;479.58;503.55;470.56;501.57
20-Apr-14;501.75;510.87;490.84;498.17
21-Apr-14;497.74;510.57;493.20;495.77
22-Apr-14;495.45;503.22;487.58;487.92
23-Apr-14;488.36;493.25;485.82;491.30
24-Apr-14;490.83;500.46;482.95;500.46
25-Apr-14;500.09;500.30;442.95;461.45
26-Apr-14;461.70;464.54;449.10;458.60
27-Apr-14;457.24;459.33;436.39;436.39
28-Apr-14;430.72;447.53;422.94;440.29
29-Apr-14;439.98;451.64;435.18;447.21
30-Apr-14;446.89;451.10;436.70;447.64
01-May-14;447.63;460.61;447.63;457.76
02-May-14;457.36;457.93;443.40;449.38
03-May-14;449.40;449.40;430.68;437.76
04-May-14;438.52;439.77;430.05;436.40
05-May-14;434.78;440.97;427.62;433.48
06-May-14;433.36;448.04;423.25;428.96
07-May-14;429.34;446.13;428.45;438.82
08-May-14;438.68;448.40;438.14;440.17
09-May-14;440.18;452.69;440.14;449.46
10-May-14;450.46;455.77;448.47;454.43
11-May-14;453.92;455.34;433.40;438.89
12-May-14;438.30;442.26;434.23;441.46
13-May-14;441.53;441.98;436.97;440.67
14-May-14;440.59;446.66;440.50;443.97
15-May-14;444.14;449.80;443.63;447.25
16-May-14;447.39;450.66;444.96;448.06
17-May-14;448.12;451.98;447.30;448.90
18-May-14;448.70;449.77;444.78;446.26
19-May-14;446.08;447.55;443.10;446.18
20-May-14;446.30;491.44;446.01;485.72
21-May-14;485.80;494.37;483.49;491.77
22-May-14;492.05;525.36;490.19;524.58
23-May-14;525.72;541.96;520.08;520.22
24-May-14;521.05;525.17;516.28;525.14
25-May-14;525.23;576.48;525.23;571.59
26-May-14;571.39;588.39;565.33;583.42
27-May-14;582.59;589.52;554.43;571.24
28-May-14;571.91;578.62;564.09;577.06
29-May-14;576.33;577.10;561.60;568.18
30-May-14;568.18;618.46;568.16;615.33
31-May-14;615.69;624.72;604.47;623.68
01-Jun-14;623.69;671.51;619.91;630.23
02-Jun-14;629.65;665.50;618.74;660.62
03-Jun-14;660.55;674.11;650.78;667.60
04-Jun-14;666.77;668.56;624.09;641.61
05-Jun-14;641.07;663.53;640.09;659.26
06-Jun-14;659.28;661.37;652.30;653.70
07-Jun-14;653.52;656.94;644.91;654.97
08-Jun-14;654.99;658.88;653.47;656.14
09-Jun-14;655.64;657.70;644.39;649.16
10-Jun-14;650.04;659.61;646.56;653.15
11-Jun-14;653.19;657.04;632.55;633.02
12-Jun-14;633.43;638.11;573.27;586.95
13-Jun-14;585.70;615.14;585.70;600.16
14-Jun-14;600.75;601.27;549.82;577.36
15-Jun-14;575.93;592.94;554.89;592.94
16-Jun-14;592.65;608.72;587.07;592.19
17-Jun-14;591.59;610.89;590.40;610.86
18-Jun-14;609.77;615.88;604.40;607.96
19-Jun-14;608.07;612.24;597.02;598.07
20-Jun-14;597.40;599.75;587.76;594.15
21-Jun-14;593.68;599.46;587.74;594.99
22-Jun-14;595.90;606.00;594.63;602.27
23-Jun-14;602.16;603.21;586.34;593.98
24-Jun-14;593.97;596.97;582.36;582.36
25-Jun-14;581.81;583.60;565.63;566.34
26-Jun-14;566.14;581.63;564.73;581.14
27-Jun-14;581.30;600.12;579.89;597.26
28-Jun-14;599.08;604.47;595.92;596.55
29-Jun-14;596.33;604.08;596.16;602.72
30-Jun-14;602.62;645.16;599.88;639.80
01-Jul-14;641.39;657.86;640.11;640.81
02-Jul-14;641.04;656.68;638.34;650.88
03-Jul-14;650.77;650.77;641.30;645.16
04-Jul-14;644.65;648.43;629.40;630.69
05-Jul-14;629.95;633.22;628.00;631.46
06-Jul-14;631.77;638.65;631.16;635.81
07-Jul-14;635.46;637.16;617.01;624.09
08-Jul-14;622.57;626.70;620.91;624.82
09-Jul-14;625.22;627.00;622.60;624.51
10-Jul-14;624.83;626.12;612.35;616.76
11-Jul-14;616.66;632.09;615.77;632.00
12-Jul-14;631.88;636.66;626.98;633.71
13-Jul-14;634.22;634.73;624.91;626.50
14-Jul-14;626.56;627.34;617.32;619.32
15-Jul-14;620.00;625.14;619.64;621.59
16-Jul-14;622.01;623.09;615.33;616.80
17-Jul-14;616.54;626.29;608.40;623.09
18-Jul-14;622.37;629.21;620.47;628.78
19-Jul-14;629.17;629.17;624.60;628.52
20-Jul-14;628.56;628.56;622.78;623.90
21-Jul-14;623.95;624.09;619.11;622.21
22-Jul-14;622.27;624.30;620.96;621.55
23-Jul-14;621.12;624.43;618.29;619.41
24-Jul-14;619.50;620.43;595.57;601.73
25-Jul-14;601.51;607.07;597.23;601.09
26-Jul-14;601.54;602.09;593.96;595.81
27-Jul-14;595.67;598.94;593.43;593.85
28-Jul-14;594.14;594.57;575.18;585.69
29-Jul-14;585.55;588.39;581.70;584.72
30-Jul-14;584.74;585.12;564.90;567.29
31-Jul-14;567.37;586.23;564.51;586.23
01-Aug-14;586.20;597.92;583.63;594.92
02-Aug-14;594.90;594.91;586.16;589.33
03-Aug-14;588.89;589.15;581.65;586.67
04-Aug-14;586.23;591.95;583.74;588.78
05-Aug-14;589.01;589.86;584.10;585.44
06-Aug-14;585.95;587.49;583.10;584.65
07-Aug-14;584.65;591.10;584.05;588.87
08-Aug-14;588.88;598.12;588.79;592.58
09-Aug-14;592.47;592.47;587.63;589.37
10-Aug-14;589.17;594.46;587.94;591.06
11-Aug-14;591.28;591.51;574.05;576.37
12-Aug-14;576.51;576.95;566.59;569.64
13-Aug-14;570.38;573.03;532.67;546.66
14-Aug-14;546.18;546.24;498.73;505.97
15-Aug-14;511.14;518.18;487.93;497.01
16-Aug-14;497.83;521.47;487.74;519.71
17-Aug-14;519.14;520.19;483.63;491.80
18-Aug-14;491.51;499.37;443.85;461.46
19-Aug-14;461.48;485.71;455.54;485.24
20-Aug-14;485.07;518.28;467.51;511.98
21-Aug-14;510.45;531.90;510.45;517.24
22-Aug-14;517.58;521.48;501.27;514.04
23-Aug-14;513.39;514.30;492.11;498.08
24-Aug-14;498.29;512.89;497.35;508.29
25-Aug-14;508.22;508.22;499.23;502.50
26-Aug-14;502.54;512.69;502.54;511.57
27-Aug-14;512.19;520.71;510.92;511.15
28-Aug-14;510.88;516.16;506.88;507.82
29-Aug-14;508.42;511.70;503.82;508.52
30-Aug-14;508.59;509.31;501.64;504.25
31-Aug-14;502.90;504.88;474.81;477.76
01-Sep-14;477.79;485.31;471.91;474.88
02-Sep-14;474.48;482.99;472.32;477.43
03-Sep-14;476.87;481.71;476.21;477.59
04-Sep-14;477.68;493.93;477.09;489.66
05-Sep-14;489.67;490.64;481.61;483.34
06-Sep-14;483.34;488.60;483.00;484.83
07-Sep-14;485.13;488.07;482.28;482.28
08-Sep-14;481.81;489.83;468.79;474.60
09-Sep-14;474.88;477.38;467.78;475.26
10-Sep-14;475.48;487.47;475.14;479.36
11-Sep-14;479.62;482.35;474.61;479.75
12-Sep-14;479.58;479.63;473.01;477.75
13-Sep-14;477.79;482.12;475.10;479.00
14-Sep-14;479.12;479.85;476.12;477.89
15-Sep-14;477.77;478.62;474.02;475.37
16-Sep-14;474.86;475.64;465.13;466.06
17-Sep-14;465.86;468.17;452.42;457.33
18-Sep-14;456.86;456.86;413.10;424.44
19-Sep-14;424.10;427.83;384.53;394.80
20-Sep-14;394.67;423.30;389.88;408.90
21-Sep-14;408.08;412.43;393.18;398.82
22-Sep-14;399.10;406.92;397.13;402.15
23-Sep-14;402.09;441.56;396.20;435.79
24-Sep-14;435.75;436.11;421.13;423.20
25-Sep-14;423.16;423.52;409.47;411.57
26-Sep-14;411.43;414.94;400.01;404.42
27-Sep-14;403.56;406.62;397.37;399.52
28-Sep-14;399.47;401.02;374.33;377.18
29-Sep-14;376.93;385.21;372.24;375.47
30-Sep-14;376.09;390.98;373.44;386.94
01-Oct-14;387.43;391.38;380.78;383.61
02-Oct-14;383.99;385.50;372.95;375.07
03-Oct-14;375.18;377.70;357.86;359.51
04-Oct-14;359.89;364.49;325.89;328.87
05-Oct-14;328.92;341.80;289.30;320.51
06-Oct-14;320.39;345.13;302.56;330.08
07-Oct-14;330.58;339.25;320.48;336.19
08-Oct-14;336.12;354.36;327.19;352.94
09-Oct-14;352.75;382.73;347.69;365.03
10-Oct-14;364.69;375.07;352.96;361.56
11-Oct-14;361.36;367.19;355.95;362.30
12-Oct-14;362.61;379.43;356.14;378.55
13-Oct-14;377.92;397.23;368.90;390.41
14-Oct-14;391.69;411.70;391.32;400.87
15-Oct-14;400.95;402.23;388.77;394.77
16-Oct-14;394.52;398.81;373.07;382.56
17-Oct-14;382.76;385.48;375.39;383.76
18-Oct-14;383.98;395.16;378.97;391.44
19-Oct-14;391.25;393.94;386.46;389.55
20-Oct-14;389.23;390.08;378.25;382.85
21-Oct-14;382.42;392.65;380.83;386.48
22-Oct-14;386.12;388.58;382.25;383.16
23-Oct-14;382.96;385.05;356.45;358.42
24-Oct-14;358.59;364.35;353.30;358.35
25-Oct-14;358.61;359.86;342.88;347.27
26-Oct-14;347.49;359.22;343.93;354.70
27-Oct-14;354.78;358.63;349.81;352.99
28-Oct-14;353.21;359.98;352.68;357.62
29-Oct-14;357.09;357.83;335.34;335.59
30-Oct-14;335.71;350.91;335.07;345.30
31-Oct-14;345.01;348.05;337.14;338.32
01-Nov-14;338.65;340.53;321.05;325.75
02-Nov-14;326.08;329.05;320.63;325.89
03-Nov-14;325.57;334.00;325.48;327.55
04-Nov-14;327.16;331.77;325.08;330.49
05-Nov-14;330.68;343.37;330.68;339.49
06-Nov-14;339.46;352.97;338.42;349.29
07-Nov-14;349.82;352.73;341.78;342.42
08-Nov-14;342.15;347.03;342.15;345.49
09-Nov-14;345.38;363.63;344.26;363.26
10-Nov-14;362.27;374.82;357.56;366.92
11-Nov-14;365.86;371.31;363.73;367.70
12-Nov-14;367.98;429.72;367.98;423.56
13-Nov-14;427.27;457.09;401.12;420.73
14-Nov-14;418.42;419.25;384.79;397.82
15-Nov-14;399.65;405.53;371.01;376.13
16-Nov-14;374.73;390.80;374.60;387.88
17-Nov-14;388.35;410.20;377.50;387.41
18-Nov-14;387.79;392.40;371.12;375.20
19-Nov-14;373.90;386.48;373.90;380.55
20-Nov-14;380.31;382.02;356.78;357.84
21-Nov-14;357.88;357.88;344.11;350.85
22-Nov-14;351.60;364.84;350.88;352.92
23-Nov-14;353.17;370.85;353.17;367.57
24-Nov-14;366.95;387.21;366.67;376.90
25-Nov-14;376.89;394.70;374.78;375.35
26-Nov-14;376.02;377.70;365.82;368.37
27-Nov-14;370.50;373.99;368.28;369.67
28-Nov-14;369.37;382.84;358.45;376.45
29-Nov-14;376.15;387.60;372.14;375.49
30-Nov-14;375.51;382.53;373.31;378.05
01-Dec-14;378.25;383.66;376.67;379.24
02-Dec-14;379.25;384.04;377.86;381.32
03-Dec-14;381.72;383.03;374.35;375.01
04-Dec-14;375.72;378.65;367.76;369.60
05-Dec-14;369.44;379.19;365.76;376.85
06-Dec-14;376.76;378.45;370.95;374.79
07-Dec-14;374.84;376.29;373.27;375.10
08-Dec-14;374.96;376.03;361.89;361.91
09-Dec-14;361.89;363.07;344.95;352.22
10-Dec-14;352.20;352.38;346.36;346.36
11-Dec-14;344.34;361.36;338.76;350.51
12-Dec-14;350.83;352.98;349.29;352.54
13-Dec-14;352.38;352.38;346.59;347.38
14-Dec-14;346.73;353.32;345.42;351.63
15-Dec-14;351.36;351.82;344.93;345.35
16-Dec-14;345.67;345.86;327.06;327.06
17-Dec-14;326.86;333.95;315.15;319.78
18-Dec-14;319.79;323.71;304.23;311.40
19-Dec-14;311.18;318.53;306.77;317.84
20-Dec-14;317.62;330.33;316.04;329.96
21-Dec-14;329.54;329.63;318.90;320.84
22-Dec-14;321.07;334.12;320.42;331.89
23-Dec-14;332.02;336.29;329.60;334.57
24-Dec-14;334.39;334.74;321.36;322.53
25-Dec-14;322.29;322.67;316.96;319.01
26-Dec-14;319.15;331.42;316.63;327.92
27-Dec-14;327.58;328.91;312.63;315.86
28-Dec-14;316.16;320.03;311.08;317.24
29-Dec-14;317.70;320.27;312.31;312.67
30-Dec-14;312.72;314.81;309.37;310.74
31-Dec-14;310.91;320.19;310.21;320.19
01-Jan-15;320.43;320.43;314.00;314.25
02-Jan-15;314.08;315.84;313.57;315.03
03-Jan-15;314.85;315.15;281.08;281.08
04-Jan-15;281.15;287.23;257.61;264.20
05-Jan-15;265.08;278.34;265.08;274.47
06-Jan-15;274.61;287.55;272.70;286.19
07-Jan-15;286.08;298.75;283.08;294.34
08-Jan-15;294.14;294.14;282.17;283.35
09-Jan-15;282.38;291.11;280.53;290.41
10-Jan-15;287.30;288.13;273.97;274.80
11-Jan-15;274.61;279.64;265.04;265.66
12-Jan-15;266.15;272.20;265.20;267.80
13-Jan-15;267.39;268.28;219.91;225.86
14-Jan-15;223.89;223.89;171.51;178.10
15-Jan-15;176.90;229.07;176.90;209.84
16-Jan-15;209.07;221.59;199.77;208.10
17-Jan-15;207.83;211.73;194.88;199.26
18-Jan-15;200.05;218.70;194.51;210.34
19-Jan-15;211.47;216.73;207.32;214.86
20-Jan-15;212.91;215.24;205.15;211.32
21-Jan-15;211.38;227.79;211.21;226.90
22-Jan-15;227.32;237.02;226.43;233.41
23-Jan-15;233.52;234.85;225.20;232.88
24-Jan-15;232.70;248.21;230.02;247.85
25-Jan-15;247.35;255.07;243.89;253.72
26-Jan-15;254.08;309.38;254.08;273.47
27-Jan-15;273.17;275.48;250.65;263.48
28-Jan-15;263.35;266.54;227.05;233.91
29-Jan-15;233.35;238.71;220.71;233.51
30-Jan-15;232.77;242.85;225.84;226.43
31-Jan-15;226.44;233.50;216.31;217.46
01-Feb-15;216.87;231.57;212.01;226.97
02-Feb-15;226.49;242.18;222.66;238.23
03-Feb-15;237.45;245.96;224.48;227.27
04-Feb-15;227.51;230.06;221.11;226.85
05-Feb-15;227.66;239.40;214.73;217.11
06-Feb-15;216.92;230.51;216.23;222.27
07-Feb-15;222.63;230.30;222.61;227.75
08-Feb-15;227.69;229.44;221.08;223.41
09-Feb-15;223.39;223.98;217.02;220.11
10-Feb-15;220.28;221.81;215.33;219.84
11-Feb-15;219.73;223.41;218.07;219.18
12-Feb-15;219.21;222.20;217.61;221.76
13-Feb-15;221.97;240.26;221.26;235.43
14-Feb-15;235.53;259.81;235.53;257.32
15-Feb-15;257.51;265.61;227.68;234.82
16-Feb-15;234.82;239.52;229.02;233.84
17-Feb-15;233.42;245.77;232.31;243.61
18-Feb-15;243.78;244.25;232.34;236.33
19-Feb-15;236.41;242.67;235.59;240.28
20-Feb-15;240.25;247.10;239.30;243.78
21-Feb-15;243.75;255.32;243.18;244.53
22-Feb-15;244.54;246.39;233.85;235.98
23-Feb-15;235.99;240.11;232.42;238.89
24-Feb-15;239.00;239.90;236.40;238.74
25-Feb-15;238.89;239.34;235.53;237.47
26-Feb-15;237.34;237.71;234.26;236.43
27-Feb-15;236.44;256.65;236.44;253.83
28-Feb-15;253.52;254.69;249.48;254.26
01-Mar-15;254.28;261.66;245.93;260.20
02-Mar-15;260.36;276.30;258.31;275.67
03-Mar-15;275.05;285.80;268.16;281.70
04-Mar-15;281.99;284.23;268.13;273.09
05-Mar-15;272.74;281.67;264.77;276.18
06-Mar-15;275.60;277.61;270.02;272.72
07-Mar-15;272.29;277.85;270.13;276.26
08-Mar-15;276.43;277.86;272.57;274.35
09-Mar-15;274.81;292.70;273.89;289.61
10-Mar-15;289.86;300.04;289.74;291.76
11-Mar-15;291.52;297.39;290.51;296.38
12-Mar-15;296.13;297.09;292.41;294.35
13-Mar-15;294.12;294.50;285.34;285.34
14-Mar-15;284.44;286.34;280.98;281.89
15-Mar-15;281.42;286.53;281.00;286.39
16-Mar-15;285.68;294.11;285.68;290.59
17-Mar-15;290.60;292.36;284.37;285.51
18-Mar-15;285.07;285.34;249.87;256.30
19-Mar-15;255.88;264.24;248.64;260.93
20-Mar-15;260.96;264.85;259.16;261.75
21-Mar-15;261.64;262.20;255.65;260.02
22-Mar-15;259.92;269.75;259.59;267.96
23-Mar-15;267.89;277.30;261.74;266.74
24-Mar-15;266.58;267.00;244.15;245.60
25-Mar-15;247.47;249.19;236.51;246.20
26-Mar-15;246.28;254.35;244.90;248.53
27-Mar-15;248.57;256.81;245.21;247.03
28-Mar-15;246.98;254.21;246.98;252.80
29-Mar-15;252.74;253.14;240.85;242.71
30-Mar-15;242.88;249.24;239.21;247.53
31-Mar-15;247.45;248.73;242.74;244.22
01-Apr-15;244.22;247.54;241.16;247.27
02-Apr-15;247.09;254.46;245.42;253.01
03-Apr-15;253.07;256.04;251.88;254.32
04-Apr-15;254.29;255.26;251.10;253.70
05-Apr-15;253.76;260.67;251.94;260.60
06-Apr-15;260.72;261.80;254.57;255.49
07-Apr-15;255.27;255.80;252.21;253.18
08-Apr-15;253.06;253.85;244.21;245.02
09-Apr-15;244.75;246.12;239.40;243.68
10-Apr-15;243.69;243.69;232.77;236.07
11-Apr-15;236.02;239.54;234.18;236.55
12-Apr-15;236.54;237.73;233.49;236.15
13-Apr-15;235.95;236.93;222.00;224.59
14-Apr-15;224.76;224.98;216.32;219.16
15-Apr-15;219.07;223.83;218.65;223.83
16-Apr-15;223.92;229.67;223.92;228.57
17-Apr-15;228.57;228.91;221.94;222.88
18-Apr-15;222.85;224.32;220.88;223.36
19-Apr-15;223.46;226.35;222.37;222.60
20-Apr-15;222.61;226.35;221.98;224.63
21-Apr-15;224.62;235.27;224.30;235.27
22-Apr-15;235.60;237.91;233.48;234.18
23-Apr-15;234.05;236.48;233.20;236.46
24-Apr-15;235.97;236.30;229.93;231.27
25-Apr-15;231.24;232.56;226.34;226.39
26-Apr-15;226.41;226.94;214.87;219.43
27-Apr-15;219.43;233.30;218.02;229.29
28-Apr-15;228.97;229.49;223.07;225.85
29-Apr-15;225.59;227.04;223.43;225.81
30-Apr-15;225.69;239.56;224.99;236.15
01-May-15;235.94;238.97;232.08;232.08
02-May-15;232.34;235.73;232.34;234.93
03-May-15;234.88;243.24;234.08;240.36
04-May-15;240.36;242.64;237.81;239.02
05-May-15;238.85;239.20;232.05;236.12
06-May-15;236.25;236.45;229.23;229.78
07-May-15;229.66;239.10;228.57;237.33
08-May-15;237.20;246.27;236.27;243.86
09-May-15;243.77;247.80;239.64;241.83
10-May-15;241.73;244.07;238.85;240.30
11-May-15;240.30;244.27;239.38;242.16
12-May-15;242.15;242.88;240.10;241.11
13-May-15;241.40;243.70;235.04;236.38
14-May-15;236.21;237.80;234.06;236.93
15-May-15;236.96;238.75;236.79;237.60
16-May-15;237.64;237.70;235.29;236.15
17-May-15;236.01;238.02;236.01;236.80
18-May-15;236.89;237.21;232.46;233.13
19-May-15;233.04;234.15;231.82;231.95
20-May-15;231.89;234.68;231.84;234.02
21-May-15;234.02;236.24;233.84;235.34
22-May-15;235.32;240.97;235.06;240.35
23-May-15;240.29;241.02;238.69;238.87
24-May-15;238.98;241.98;238.81;240.95
25-May-15;240.93;241.02;236.64;237.11
26-May-15;237.10;238.24;235.69;237.12
27-May-15;237.07;238.64;236.70;237.28
28-May-15;237.26;237.82;236.65;237.41
29-May-15;237.38;237.52;235.73;237.10
30-May-15;237.09;237.09;232.05;233.35
31-May-15;233.13;233.25;229.54;230.19
01-Jun-15;230.23;231.71;221.30;222.93
02-Jun-15;222.89;226.42;222.42;225.80
03-Jun-15;225.74;227.40;223.93;225.87
04-Jun-15;225.77;226.58;224.05;224.32
05-Jun-15;224.15;225.97;223.18;224.95
06-Jun-15;225.01;225.72;224.38;225.62
07-Jun-15;225.60;226.19;222.65;222.88
08-Jun-15;222.88;229.46;222.84;228.49
09-Jun-15;228.54;230.95;227.93;229.05
10-Jun-15;228.99;229.78;228.01;228.80
11-Jun-15;228.85;230.29;228.77;229.71
12-Jun-15;229.71;231.06;229.31;229.98
13-Jun-15;229.92;232.65;229.21;232.40
14-Jun-15;232.44;234.86;232.00;233.54
15-Jun-15;233.42;237.84;233.42;236.82
16-Jun-15;236.76;251.74;236.12;250.90
17-Jun-15;250.82;256.85;246.48;249.28
18-Jun-15;249.43;252.11;244.13;249.01
19-Jun-15;249.04;250.98;243.79;244.61
20-Jun-15;244.53;245.83;240.63;245.21
21-Jun-15;245.10;245.22;241.88;243.94
22-Jun-15;243.97;247.92;243.78;246.99
23-Jun-15;246.93;247.30;243.13;244.30
24-Jun-15;244.28;244.34;240.51;240.51
25-Jun-15;240.37;243.33;240.37;242.80
26-Jun-15;242.60;243.75;241.55;243.59
27-Jun-15;243.55;251.34;243.12;250.99
28-Jun-15;250.96;251.17;247.43;249.01
29-Jun-15;248.72;257.17;248.58;257.06
30-Jun-15;257.04;267.87;255.95;263.07
01-Jul-15;263.35;265.17;255.77;258.62
02-Jul-15;258.55;261.63;254.12;255.41
03-Jul-15;255.46;257.08;253.51;256.34
04-Jul-15;256.49;261.46;254.20;260.89
05-Jul-15;260.80;274.51;258.70;271.91
06-Jul-15;271.11;277.42;267.60;269.03
07-Jul-15;269.96;271.34;264.83;266.21
08-Jul-15;265.98;272.97;264.39;270.79
09-Jul-15;270.83;272.33;267.09;269.23
10-Jul-15;269.16;294.59;268.80;284.89
11-Jul-15;284.88;298.51;283.53;293.11
12-Jul-15;293.14;314.39;292.51;310.87
13-Jul-15;310.83;310.95;281.01;292.05
14-Jul-15;292.03;296.15;286.64;287.46
15-Jul-15;288.05;293.25;285.37;285.83
16-Jul-15;286.04;291.18;275.24;278.09
17-Jul-15;278.09;280.28;272.04;279.47
18-Jul-15;279.33;282.53;274.08;274.90
19-Jul-15;274.77;275.67;272.51;273.61
20-Jul-15;273.50;278.98;272.96;278.98
21-Jul-15;278.88;280.55;275.42;275.83
22-Jul-15;275.66;277.67;274.38;277.22
23-Jul-15;277.34;278.11;275.72;276.05
24-Jul-15;276.01;289.25;275.25;288.28
25-Jul-15;288.16;290.73;286.00;288.70
26-Jul-15;288.64;293.05;287.71;292.69
27-Jul-15;292.64;297.77;287.45;293.62
28-Jul-15;293.63;296.65;293.42;294.43
29-Jul-15;294.48;294.54;288.78;289.59
30-Jul-15;289.10;290.13;286.57;287.72
31-Jul-15;287.70;288.96;282.34;284.65
01-Aug-15;284.69;284.93;278.11;281.60
02-Aug-15;280.45;283.03;277.53;282.61
03-Aug-15;282.81;285.47;280.23;281.23
04-Aug-15;281.23;285.71;281.23;285.22
05-Aug-15;284.85;285.50;281.49;281.88
06-Aug-15;281.91;281.91;278.40;278.58
07-Aug-15;278.74;280.39;276.37;279.58
08-Aug-15;279.74;279.93;260.71;261.00
09-Aug-15;261.12;267.00;260.47;265.08
10-Aug-15;265.48;267.03;262.60;264.47
11-Aug-15;264.34;270.39;264.09;270.39
12-Aug-15;270.60;270.67;265.47;266.38
13-Aug-15;266.18;266.23;262.84;264.08
14-Aug-15;264.13;267.47;261.48;265.68
15-Aug-15;265.53;266.67;261.30;261.55
16-Aug-15;261.87;262.44;257.04;258.51
17-Aug-15;258.49;260.51;257.12;257.98
18-Aug-15;257.93;257.99;211.08;211.08
19-Aug-15;225.67;237.41;222.77;226.68
20-Aug-15;226.90;237.37;226.90;235.35
21-Aug-15;235.35;236.43;231.72;232.57
22-Aug-15;232.66;234.96;222.70;230.39
23-Aug-15;230.38;232.71;225.58;228.17
24-Aug-15;228.11;228.14;210.44;210.49
25-Aug-15;210.07;226.32;199.57;221.61
26-Aug-15;222.08;231.18;220.20;225.83
27-Aug-15;226.05;228.64;223.68;224.77
28-Aug-15;224.70;235.22;220.93;231.40
29-Aug-15;231.55;233.22;227.33;229.78
30-Aug-15;229.90;232.07;226.25;228.76
31-Aug-15;229.11;231.96;225.91;230.06
01-Sep-15;230.26;231.22;226.86;228.12
02-Sep-15;228.03;230.58;226.48;229.28
03-Sep-15;229.32;229.60;226.67;227.18
04-Sep-15;227.21;230.90;227.05;230.30
05-Sep-15;230.20;236.14;229.44;235.02
06-Sep-15;234.87;242.91;234.68;239.84
07-Sep-15;239.93;242.11;238.72;239.85
08-Sep-15;239.85;245.78;239.68;243.61
09-Sep-15;243.41;244.42;237.82;238.17
10-Sep-15;238.34;241.29;235.79;238.48
11-Sep-15;238.33;241.17;238.33;240.11
12-Sep-15;239.85;240.12;234.75;235.23
13-Sep-15;235.24;235.93;229.33;230.51
14-Sep-15;230.61;232.44;227.96;230.64
15-Sep-15;230.49;259.18;229.82;230.30
16-Sep-15;230.25;231.21;227.40;229.09
17-Sep-15;229.08;230.29;228.93;229.81
18-Sep-15;233.52;234.35;232.18;232.98
19-Sep-15;232.86;233.21;231.09;231.49
20-Sep-15;231.40;232.37;230.91;231.21
21-Sep-15;231.22;231.22;226.52;227.09
22-Sep-15;226.97;232.39;225.12;230.62
23-Sep-15;230.94;231.84;229.59;230.28
24-Sep-15;230.36;235.65;230.29;234.53
25-Sep-15;234.36;237.43;233.68;235.14
26-Sep-15;235.08;235.40;233.36;234.34
27-Sep-15;234.14;234.53;232.48;232.76
28-Sep-15;232.84;239.34;232.47;239.14
29-Sep-15;239.02;239.80;235.93;236.69
30-Sep-15;236.64;237.73;235.63;236.06
01-Oct-15;236.00;238.45;235.62;237.55
02-Oct-15;237.26;238.54;236.60;237.29
03-Oct-15;237.20;239.32;236.94;238.73
04-Oct-15;238.53;238.97;237.94;238.26
05-Oct-15;238.15;240.38;237.04;240.38
06-Oct-15;240.36;246.93;240.14;246.06
07-Oct-15;246.17;246.68;242.59;242.97
08-Oct-15;243.07;244.25;242.18;242.30
09-Oct-15;242.50;244.23;242.12;243.93
10-Oct-15;243.74;245.32;243.07;244.94
11-Oct-15;244.74;247.24;244.15;247.05
12-Oct-15;246.88;247.45;245.18;245.31
13-Oct-15;245.20;250.24;243.76;249.51
14-Oct-15;249.49;254.27;248.90;251.99
15-Oct-15;252.11;255.96;252.05;254.32
16-Oct-15;254.30;266.14;253.93;262.87
17-Oct-15;262.75;273.58;262.37;270.64
18-Oct-15;270.91;271.67;260.78;261.64
19-Oct-15;261.86;264.82;260.95;263.44
20-Oct-15;263.57;270.83;263.23;269.46
21-Oct-15;269.31;270.77;263.84;266.27
22-Oct-15;266.50;276.51;266.14;274.02
23-Oct-15;273.65;278.68;273.54;276.50
24-Oct-15;276.50;281.71;276.50;281.65
25-Oct-15;281.45;294.06;281.45;283.68
26-Oct-15;283.63;285.30;280.51;285.30
27-Oct-15;285.18;296.21;285.01;293.79
28-Oct-15;293.70;306.33;293.70;304.62
29-Oct-15;304.32;318.17;301.82;313.86
30-Oct-15;313.94;334.17;313.94;328.02
31-Oct-15;328.51;332.78;309.25;314.17
01-Nov-15;315.01;327.47;311.88;325.43
02-Nov-15;325.94;365.36;323.21;361.19
03-Nov-15;361.87;417.90;357.65;403.42
04-Nov-15;403.66;495.56;380.55;411.56
05-Nov-15;408.08;447.56;374.58;386.35
06-Nov-15;388.05;395.84;354.02;374.47
07-Nov-15;374.27;390.59;372.43;386.48
08-Nov-15;384.28;389.89;368.70;373.37
09-Nov-15;374.32;385.28;362.89;380.26
10-Nov-15;379.98;381.39;329.11;336.82
11-Nov-15;339.82;340.58;301.00;311.08
12-Nov-15;314.08;345.08;313.36;338.15
13-Nov-15;338.50;340.91;326.08;336.75
14-Nov-15;336.62;338.18;329.97;332.91
15-Nov-15;333.05;334.66;317.49;320.17
16-Nov-15;319.73;331.63;315.90;330.75
17-Nov-15;330.36;338.35;329.61;335.09
18-Nov-15;334.59;336.53;330.64;334.59
19-Nov-15;334.68;335.33;325.27;326.15
20-Nov-15;326.41;326.47;312.22;322.02
21-Nov-15;322.09;328.16;319.60;326.93
22-Nov-15;326.98;327.01;321.26;324.54
23-Nov-15;324.35;325.12;321.29;323.05
24-Nov-15;323.01;323.06;318.12;320.05
25-Nov-15;320.05;329.13;316.77;328.21
26-Nov-15;328.30;366.76;328.23;352.68
27-Nov-15;351.86;363.59;347.87;358.04
28-Nov-15;357.14;359.54;352.17;357.38
29-Nov-15;357.47;371.94;355.67;371.29
30-Nov-15;371.44;382.36;370.38;377.32
01-Dec-15;377.41;378.93;356.56;362.49
02-Dec-15;361.85;362.23;349.46;359.19
03-Dec-15;359.33;370.27;357.41;361.05
04-Dec-15;361.26;363.52;355.76;363.18
05-Dec-15;363.72;389.79;363.23;388.95
06-Dec-15;389.55;402.81;387.09;388.78
07-Dec-15;389.98;399.97;385.41;395.54
08-Dec-15;395.75;415.56;389.95;415.56
09-Dec-15;414.44;423.12;406.29;417.56
10-Dec-15;417.99;419.51;411.55;415.48
11-Dec-15;415.28;451.94;415.28;451.94
12-Dec-15;452.33;469.10;410.74;435.00
13-Dec-15;431.66;441.68;426.27;433.76
14-Dec-15;433.27;447.14;430.46;444.18
15-Dec-15;443.88;465.32;443.88;465.32
16-Dec-15;465.21;465.21;443.85;454.93
17-Dec-15;454.78;457.86;448.86;456.08
18-Dec-15;455.85;465.18;454.94;463.62
19-Dec-15;463.55;465.58;456.77;462.32
20-Dec-15;462.23;462.64;434.34;442.68
21-Dec-15;442.84;444.73;427.31;438.64
22-Dec-15;437.44;443.69;435.52;436.57
23-Dec-15;436.72;444.53;436.62;442.40
24-Dec-15;443.09;458.46;443.08;454.98
25-Dec-15;454.86;458.30;452.08;455.65
26-Dec-15;455.76;457.49;405.76;417.27
27-Dec-15;416.51;424.01;408.88;422.82
28-Dec-15;423.34;429.77;418.48;422.28
29-Dec-15;422.10;432.98;420.63;432.98
30-Dec-15;433.30;434.39;422.08;426.62
31-Dec-15;425.88;432.92;418.73;430.57
01-Jan-16;430.72;436.25;427.52;434.33
02-Jan-16;434.62;436.06;431.87;433.44
03-Jan-16;433.58;433.74;424.71;430.01
04-Jan-16;430.06;434.52;429.08;433.09
05-Jan-16;433.07;434.18;429.68;431.96
06-Jan-16;431.86;431.86;426.34;429.11
07-Jan-16;430.01;458.77;429.08;458.05
08-Jan-16;457.54;462.93;447.94;453.23
09-Jan-16;453.38;454.64;446.89;447.61
10-Jan-16;448.24;448.31;440.35;447.99
11-Jan-16;448.70;450.66;443.86;448.43
12-Jan-16;448.18;448.18;435.69;435.69
13-Jan-16;434.67;435.19;424.44;432.37
14-Jan-16;432.29;433.32;427.85;430.31
15-Jan-16;430.26;430.26;364.33;364.33
16-Jan-16;365.07;390.56;354.91;387.54
17-Jan-16;387.15;390.96;380.09;382.30
18-Jan-16;381.73;388.10;376.67;387.17
19-Jan-16;387.03;387.73;378.97;380.15
20-Jan-16;379.74;425.27;376.60;420.23
21-Jan-16;419.63;422.88;406.30;410.26
22-Jan-16;409.75;410.41;375.28;382.49
23-Jan-16;382.43;394.54;381.98;387.49
24-Jan-16;388.10;405.48;387.51;402.97
25-Jan-16;402.32;402.32;388.55;391.73
26-Jan-16;392.00;397.77;390.58;392.15
27-Jan-16;392.44;396.84;391.78;394.97
28-Jan-16;395.15;395.50;379.73;380.29
29-Jan-16;380.11;384.38;365.45;379.47
30-Jan-16;378.86;380.92;376.49;378.26
31-Jan-16;378.29;380.35;367.83;368.77
01-Feb-16;369.35;378.07;367.96;373.06
02-Feb-16;372.92;375.88;372.92;374.45
03-Feb-16;374.65;374.95;368.05;369.95
04-Feb-16;370.17;391.61;369.99;389.59
05-Feb-16;388.90;391.09;385.57;386.55
06-Feb-16;386.59;386.63;372.39;376.52
07-Feb-16;376.51;380.87;374.90;376.62
08-Feb-16;376.76;379.88;373.33;373.45
09-Feb-16;373.42;377.25;372.90;376.03
10-Feb-16;376.15;385.48;375.78;381.65
11-Feb-16;382.11;383.13;376.40;379.65
12-Feb-16;379.69;384.95;379.60;384.26
13-Feb-16;384.64;391.86;384.64;391.86
14-Feb-16;392.93;407.23;392.93;407.23
15-Feb-16;407.57;410.38;397.75;400.18
16-Feb-16;401.43;408.95;401.43;407.49
17-Feb-16;407.66;421.17;406.78;416.32
18-Feb-16;416.57;426.00;415.64;422.37
19-Feb-16;422.73;423.10;417.60;420.79
20-Feb-16;421.60;441.98;421.60;437.16
21-Feb-16;437.77;448.05;429.08;438.80
22-Feb-16;438.99;439.05;432.92;437.75
23-Feb-16;438.26;439.86;417.82;420.74
24-Feb-16;420.96;425.55;413.91;424.95
25-Feb-16;425.04;427.72;420.42;424.54
26-Feb-16;424.63;432.15;421.62;432.15
27-Feb-16;432.84;434.23;428.10;432.52
28-Feb-16;432.57;435.68;423.82;433.50
29-Feb-16;433.44;441.51;431.69;437.70
01-Mar-16;437.92;439.65;432.32;435.12
02-Mar-16;435.13;435.92;423.99;423.99
03-Mar-16;423.91;425.37;419.41;421.65
04-Mar-16;421.84;425.18;410.94;410.94
05-Mar-16;410.78;411.26;394.04;400.57
06-Mar-16;400.52;411.91;395.78;407.71
07-Mar-16;407.76;415.92;406.31;414.32
08-Mar-16;414.46;416.24;411.09;413.97
09-Mar-16;413.89;416.03;411.61;414.86
10-Mar-16;414.74;417.51;413.25;417.13
11-Mar-16;417.24;423.93;417.01;421.69
12-Mar-16;421.61;421.80;410.09;411.62
13-Mar-16;411.65;416.60;411.64;414.07
14-Mar-16;414.20;416.68;414.20;416.44
15-Mar-16;416.39;418.13;414.98;416.83
16-Mar-16;416.89;417.69;415.91;417.01
17-Mar-16;417.89;421.00;417.89;420.62
18-Mar-16;420.55;420.55;406.14;409.55
19-Mar-16;409.27;410.98;407.23;410.44
20-Mar-16;410.40;414.63;410.40;413.76
21-Mar-16;413.42;413.42;410.38;413.31
22-Mar-16;413.13;418.38;412.53;418.09
23-Mar-16;418.16;419.27;417.36;418.04
24-Mar-16;418.42;418.68;415.49;416.39
25-Mar-16;416.51;418.08;415.56;417.18
26-Mar-16;417.36;418.99;416.26;417.95
27-Mar-16;418.14;428.80;417.71;426.77
28-Mar-16;426.55;426.86;423.29;424.23
29-Mar-16;424.30;426.20;412.68;416.52
30-Mar-16;416.83;416.83;412.50;414.82
31-Mar-16;415.26;418.37;415.26;416.73
01-Apr-16;416.76;418.17;415.83;417.96
02-Apr-16;418.42;422.08;418.42;420.87
03-Apr-16;421.17;421.58;419.70;420.90
04-Apr-16;421.30;422.34;419.60;421.44
05-Apr-16;421.02;424.26;420.61;424.03
06-Apr-16;424.28;424.53;422.73;423.41
07-Apr-16;423.62;423.66;420.52;422.74
08-Apr-16;422.91;425.36;419.64;420.35
09-Apr-16;420.81;420.89;416.52;419.41
10-Apr-16;419.59;422.43;419.26;421.56
11-Apr-16;421.87;422.74;420.53;422.48
12-Apr-16;422.84;427.28;422.84;425.19
13-Apr-16;425.63;426.66;422.92;423.73
14-Apr-16;423.93;425.37;423.01;424.28
15-Apr-16;424.43;429.93;424.43;429.71
16-Apr-16;429.58;432.63;428.98;430.57
17-Apr-16;430.64;431.37;426.08;427.40
18-Apr-16;427.61;429.27;427.09;428.59
19-Apr-16;428.70;436.02;428.10;435.51
20-Apr-16;435.32;443.05;434.41;441.39
21-Apr-16;441.42;450.55;440.95;449.42
22-Apr-16;449.69;449.81;444.15;445.74
23-Apr-16;445.86;450.28;444.33;450.28
24-Apr-16;450.56;460.15;448.93;458.55
25-Apr-16;459.12;466.62;453.59;461.43
26-Apr-16;461.65;467.96;461.62;466.09
27-Apr-16;466.26;467.08;444.13;444.69
28-Apr-16;445.04;449.55;436.65;449.01
29-Apr-16;449.41;455.38;446.02;455.10
30-Apr-16;455.18;455.59;447.70;448.32
01-May-16;448.48;452.48;447.93;451.88
02-May-16;451.93;452.45;441.78;444.67
03-May-16;444.73;451.10;442.62;450.30
04-May-16;450.18;450.38;445.63;446.72
05-May-16;446.71;448.51;445.88;447.98
06-May-16;447.94;461.38;447.07;459.60
07-May-16;459.64;460.67;457.32;458.54
08-May-16;458.43;459.42;455.98;458.55
09-May-16;458.21;462.48;456.53;460.48
10-May-16;460.52;461.93;448.95;450.89
11-May-16;450.86;454.58;450.86;452.73
12-May-16;452.45;454.95;449.25;454.77
13-May-16;454.85;457.05;453.45;455.67
14-May-16;455.82;456.84;454.79;455.67
15-May-16;455.76;458.69;455.46;457.57
16-May-16;457.59;458.20;452.95;454.16
17-May-16;454.01;455.07;453.61;453.78
18-May-16;453.69;456.00;453.30;454.62
19-May-16;454.52;454.63;438.71;438.71
20-May-16;437.79;444.05;437.39;442.68
21-May-16;442.97;443.78;441.71;443.19
22-May-16;443.22;443.43;439.04;439.32
23-May-16;439.35;444.35;438.82;444.15
24-May-16;444.29;447.10;443.93;445.98
25-May-16;446.06;450.30;446.06;449.60
26-May-16;449.67;453.64;447.90;453.38
27-May-16;453.52;478.15;453.52;473.46
28-May-16;473.03;533.47;472.70;530.04
29-May-16;527.48;553.96;512.18;526.23
30-May-16;528.47;544.35;522.96;533.86
31-May-16;534.19;546.62;520.66;531.39
01-Jun-16;531.11;543.08;525.64;536.92
02-Jun-16;536.52;540.35;533.08;537.97
03-Jun-16;537.68;574.64;536.92;569.19
04-Jun-16;569.71;590.13;564.24;572.73
05-Jun-16;573.31;582.81;569.18;574.98
06-Jun-16;574.60;586.47;574.60;585.54
07-Jun-16;585.45;590.26;567.51;576.60
08-Jun-16;577.17;582.84;573.13;581.65
09-Jun-16;582.20;582.20;570.95;574.63
10-Jun-16;575.84;579.13;573.33;577.47
11-Jun-16;578.67;607.12;578.67;606.73
12-Jun-16;609.68;684.84;607.04;672.78
13-Jun-16;671.65;716.00;664.49;704.38
14-Jun-16;704.50;704.50;662.80;685.56
15-Jun-16;685.68;696.30;672.56;694.47
16-Jun-16;696.52;773.72;696.52;766.31
17-Jun-16;768.49;775.36;716.56;748.91
18-Jun-16;748.76;777.99;733.93;756.23
19-Jun-16;756.69;766.62;745.63;763.78
20-Jun-16;763.93;764.08;732.73;737.23
21-Jun-16;735.88;735.88;639.07;666.65
22-Jun-16;665.91;678.67;587.48;596.12
23-Jun-16;597.44;629.33;558.14;623.98
24-Jun-16;625.58;681.73;625.27;665.30
25-Jun-16;665.28;691.73;646.56;665.12
26-Jun-16;665.93;665.98;616.93;629.37
27-Jun-16;629.35;655.28;620.52;655.28
28-Jun-16;658.10;659.25;637.77;647.00
29-Jun-16;644.12;644.68;628.28;639.89
30-Jun-16;640.59;675.40;636.61;673.34
01-Jul-16;672.52;686.15;669.59;676.30
02-Jul-16;676.73;703.70;676.40;703.70
03-Jul-16;704.97;704.97;649.01;658.66
04-Jul-16;658.80;683.66;650.51;683.66
05-Jul-16;683.21;683.49;665.07;670.63
06-Jul-16;670.42;681.90;670.42;677.33
07-Jul-16;678.09;682.43;611.83;640.56
08-Jul-16;640.69;666.71;636.47;666.52
09-Jul-16;666.38;666.38;633.40;650.96
10-Jul-16;650.60;652.29;641.26;649.36
11-Jul-16;648.48;659.63;644.98;647.66
12-Jul-16;648.28;675.26;646.78;664.55
13-Jul-16;664.80;668.70;654.47;654.47
14-Jul-16;652.92;662.90;652.92;658.08
15-Jul-16;659.17;667.08;659.04;663.26
16-Jul-16;663.78;666.46;659.33;660.77
17-Jul-16;661.99;682.36;661.99;679.46
18-Jul-16;679.81;681.55;668.63;673.11
19-Jul-16;672.74;673.28;667.63;672.86
20-Jul-16;672.81;672.93;663.36;665.68
21-Jul-16;665.23;666.22;660.41;665.01
22-Jul-16;664.92;666.58;646.72;650.62
23-Jul-16;650.73;656.37;648.52;655.56
24-Jul-16;655.41;663.11;652.79;661.28
25-Jul-16;661.26;661.83;653.40;654.10
26-Jul-16;654.23;656.22;645.88;651.78
27-Jul-16;651.63;657.46;648.45;654.35
28-Jul-16;654.49;657.59;654.49;655.03
29-Jul-16;655.11;657.80;654.79;656.99
30-Jul-16;657.01;658.22;654.21;655.05
31-Jul-16;655.10;655.28;624.36;624.68
01-Aug-16;624.60;626.12;605.88;606.27
02-Aug-16;606.40;612.85;531.33;547.47
03-Aug-16;548.66;573.36;541.55;566.35
04-Aug-16;566.33;579.50;565.78;578.29
05-Aug-16;578.28;578.28;569.98;575.04
06-Aug-16;575.03;588.40;569.47;587.78
07-Aug-16;587.77;597.51;586.82;592.69
08-Aug-16;592.74;592.99;588.05;591.05
09-Aug-16;591.04;591.09;584.79;587.80
10-Aug-16;587.65;599.98;586.37;592.10
11-Aug-16;592.12;597.54;589.12;589.12
12-Aug-16;588.80;589.91;583.81;587.56
13-Aug-16;587.36;589.77;584.98;585.59
14-Aug-16;585.59;585.67;564.78;570.47
15-Aug-16;570.49;573.58;563.24;567.24
16-Aug-16;567.24;581.74;566.72;577.44
17-Aug-16;577.76;580.89;571.43;573.22
18-Aug-16;573.71;577.79;573.43;574.32
19-Aug-16;574.34;578.24;574.18;575.63
20-Aug-16;576.08;582.82;575.46;581.70
21-Aug-16;581.94;584.16;580.22;581.31
22-Aug-16;581.31;588.45;580.59;586.75
23-Aug-16;586.77;589.47;581.63;583.41
24-Aug-16;583.41;583.59;579.85;580.18
25-Aug-16;580.18;580.45;575.17;577.76
26-Aug-16;577.75;580.62;576.86;579.65
27-Aug-16;579.45;579.84;568.63;569.95
28-Aug-16;569.83;574.04;569.74;573.91
29-Aug-16;574.07;576.28;573.47;574.11
30-Aug-16;574.11;578.36;574.11;577.50
31-Aug-16;577.59;577.86;573.64;575.47
01-Sep-16;575.55;576.31;571.81;572.30
02-Sep-16;572.41;575.64;570.81;575.54
03-Sep-16;575.55;599.50;574.06;598.21
04-Sep-16;598.59;611.84;596.85;608.63
05-Sep-16;608.99;609.05;602.24;606.59
06-Sep-16;606.51;610.83;605.09;610.44
07-Sep-16;610.57;614.54;608.51;614.54
08-Sep-16;614.64;628.77;613.84;626.32
09-Sep-16;626.35;626.83;620.26;622.86
10-Sep-16;622.93;625.09;622.40;623.51
11-Sep-16;623.42;628.82;600.51;606.72
12-Sep-16;607.01;608.46;605.41;608.24
13-Sep-16;608.03;611.19;606.92;609.24
14-Sep-16;608.84;611.95;608.41;610.68
15-Sep-16;610.59;611.09;607.16;607.16
16-Sep-16;607.25;609.26;606.73;606.97
17-Sep-16;607.22;607.86;605.19;605.98
18-Sep-16;606.28;610.16;605.86;609.87
19-Sep-16;609.87;610.93;608.27;609.23
20-Sep-16;609.25;609.53;607.94;608.31
21-Sep-16;603.59;603.59;595.88;597.15
22-Sep-16;597.28;598.49;596.21;596.30
23-Sep-16;596.20;603.21;595.79;602.84
24-Sep-16;602.96;604.58;602.04;602.63
25-Sep-16;602.75;603.38;599.71;600.83
26-Sep-16;600.81;608.14;600.35;608.04
27-Sep-16;608.02;608.25;604.11;606.17
28-Sep-16;606.24;606.59;604.61;604.73
29-Sep-16;605.02;606.82;604.85;605.69
30-Sep-16;605.72;609.73;604.14;609.73
01-Oct-16;609.93;615.24;609.93;613.98
02-Oct-16;613.95;614.01;609.68;610.89
03-Oct-16;610.97;612.57;610.46;612.13
04-Oct-16;612.05;612.05;609.48;610.20
05-Oct-16;610.22;613.81;609.62;612.51
06-Oct-16;612.47;613.82;611.47;613.02
07-Oct-16;612.61;617.91;611.82;617.12
08-Oct-16;617.34;619.85;617.34;619.11
09-Oct-16;619.17;619.20;616.61;616.75
10-Oct-16;616.82;621.32;616.20;618.99
11-Oct-16;619.24;642.08;618.50;641.07
12-Oct-16;640.87;641.34;635.97;636.19
13-Oct-16;636.03;638.83;635.03;636.79
14-Oct-16;637.01;641.28;637.01;640.38
15-Oct-16;640.31;642.10;637.39;638.65
16-Oct-16;639.08;642.90;638.90;641.63
17-Oct-16;641.82;642.33;638.66;639.19
18-Oct-16;639.41;640.74;636.00;637.96
19-Oct-16;638.13;638.87;628.01;630.52
20-Oct-16;630.66;631.92;628.26;630.86
21-Oct-16;630.83;634.09;630.69;632.83
22-Oct-16;633.14;658.20;632.85;657.29
23-Oct-16;657.62;661.13;653.89;657.07
24-Oct-16;657.16;657.25;652.59;653.76
25-Oct-16;654.00;664.42;653.70;657.59
26-Oct-16;657.68;679.73;657.68;678.30
27-Oct-16;678.21;688.59;678.04;688.31
28-Oct-16;688.00;690.44;684.16;689.65
29-Oct-16;690.29;720.40;690.05;714.48
30-Oct-16;714.12;714.12;696.47;701.86
31-Oct-16;702.64;709.29;691.68;700.97
01-Nov-16;701.34;736.45;701.34;729.79
02-Nov-16;730.07;740.83;722.35;740.83
03-Nov-16;742.35;745.77;678.16;688.70
04-Nov-16;689.12;706.93;685.56;703.23
05-Nov-16;703.53;707.51;697.74;703.42
06-Nov-16;703.81;714.26;699.56;711.52
07-Nov-16;710.74;710.74;699.90;703.13
08-Nov-16;703.09;712.99;702.39;709.85
09-Nov-16;709.83;740.05;708.61;723.27
10-Nov-16;722.84;723.02;711.21;715.53
11-Nov-16;715.55;718.32;714.41;716.41
12-Nov-16;716.75;717.15;704.03;705.05
13-Nov-16;705.20;705.26;687.32;702.03
14-Nov-16;702.00;706.28;699.81;705.02
15-Nov-16;705.79;715.72;705.26;711.62
16-Nov-16;711.17;747.61;709.04;744.20
17-Nov-16;744.88;755.65;739.51;740.98
18-Nov-16;740.71;752.88;736.89;751.59
19-Nov-16;751.83;756.24;744.47;751.62
20-Nov-16;751.88;755.48;717.94;731.03
21-Nov-16;731.27;741.72;730.51;739.25
22-Nov-16;739.64;753.87;736.53;751.35
23-Nov-16;751.74;752.25;738.92;744.59
24-Nov-16;744.62;746.83;733.49;740.29
25-Nov-16;740.44;741.65;734.59;741.65
26-Nov-16;741.51;742.21;729.63;735.38
27-Nov-16;735.44;739.02;731.09;732.03
28-Nov-16;732.48;738.01;732.48;735.81
29-Nov-16;736.33;737.47;734.56;735.60
30-Nov-16;736.28;747.93;736.27;745.69
01-Dec-16;746.05;758.28;746.05;756.77
02-Dec-16;757.54;781.30;757.54;777.94
03-Dec-16;778.25;778.25;764.86;771.16
04-Dec-16;771.64;773.87;768.16;773.87
05-Dec-16;773.39;773.47;751.71;758.70
06-Dec-16;758.72;765.62;758.72;764.22
07-Dec-16;764.21;771.54;759.75;768.13
08-Dec-16;768.08;774.70;765.95;770.81
09-Dec-16;769.94;774.53;769.65;772.79
10-Dec-16;773.02;777.09;772.91;774.65
11-Dec-16;774.75;774.80;765.41;769.73
12-Dec-16;770.04;781.92;770.04;780.09
13-Dec-16;780.65;788.46;777.96;780.56
14-Dec-16;780.01;782.03;776.84;781.48
15-Dec-16;780.07;781.43;777.80;778.09
16-Dec-16;778.96;785.03;778.96;784.91
17-Dec-16;785.17;792.51;784.86;790.83
18-Dec-16;791.01;794.74;788.03;790.53
19-Dec-16;790.69;793.61;790.32;792.71
20-Dec-16;792.25;801.34;791.50;800.88
21-Dec-16;800.64;834.28;799.41;834.28
22-Dec-16;834.18;875.78;834.15;864.54
23-Dec-16;864.89;925.12;864.68;921.98
24-Dec-16;922.18;923.48;886.34;898.82
25-Dec-16;899.65;899.65;862.42;896.18
26-Dec-16;896.91;913.18;896.90;907.61
27-Dec-16;908.35;940.05;904.26;933.20
28-Dec-16;934.83;975.92;934.83;975.92
29-Dec-16;975.13;979.40;954.50;973.50
30-Dec-16;972.53;972.53;934.83;961.24
31-Dec-16;960.63;963.74;947.24;963.74
01-Jan-17;963.66;1003.08;958.70;998.33
02-Jan-17;998.62;1031.39;996.70;1021.75
03-Jan-17;1021.60;1044.08;1021.60;1043.84
04-Jan-17;1044.40;1159.42;1044.40;1154.73
05-Jan-17;1156.73;1191.10;910.42;1013.38
06-Jan-17;1014.24;1046.81;883.94;902.20
07-Jan-17;903.49;908.59;823.56;908.59
08-Jan-17;908.17;942.72;887.25;911.20
09-Jan-17;913.24;913.69;879.81;902.83
10-Jan-17;902.44;914.87;901.06;907.68
11-Jan-17;908.11;919.45;762.77;777.76
12-Jan-17;775.18;826.25;755.76;804.83
13-Jan-17;803.74;829.00;780.00;823.98
14-Jan-17;825.14;835.09;812.46;818.41
15-Jan-17;818.14;823.31;812.87;821.80
16-Jan-17;821.78;834.53;820.27;831.53
17-Jan-17;830.95;910.56;830.80;907.94
18-Jan-17;909.37;917.50;858.30;886.62
19-Jan-17;888.34;904.61;884.34;899.07
20-Jan-17;898.17;899.40;887.01;895.03
21-Jan-17;895.55;927.37;895.53;921.79
22-Jan-17;922.21;937.53;897.56;924.67
23-Jan-17;925.50;928.27;916.74;921.01
24-Jan-17;910.68;924.15;892.29;892.69
25-Jan-17;891.92;903.25;891.69;901.54
26-Jan-17;902.40;919.33;902.22;917.59
27-Jan-17;918.36;923.22;915.85;919.75
28-Jan-17;919.81;923.91;919.81;921.59
29-Jan-17;922.07;923.42;919.15;919.50
30-Jan-17;920.15;923.05;919.47;920.38
31-Jan-17;920.96;972.02;920.96;970.40
01-Feb-17;970.94;989.11;970.74;989.02
02-Feb-17;990.00;1013.52;983.22;1011.80
03-Feb-17;1011.46;1033.87;1008.79;1029.91
04-Feb-17;1031.33;1045.90;1015.16;1042.90
05-Feb-17;1043.52;1043.63;1022.37;1027.34
06-Feb-17;1028.40;1044.64;1028.16;1038.15
07-Feb-17;1040.14;1061.93;1040.14;1061.35
08-Feb-17;1062.32;1078.97;1037.49;1063.07
09-Feb-17;1064.70;1088.99;953.34;994.38
10-Feb-17;995.63;998.91;946.69;988.67
11-Feb-17;988.90;1009.29;982.83;1004.45
12-Feb-17;1003.52;1004.76;996.92;999.18
13-Feb-17;998.89;1002.10;976.00;990.64
14-Feb-17;991.73;1011.51;986.47;1004.55
15-Feb-17;1006.21;1008.84;1001.58;1007.48
16-Feb-17;1007.65;1033.37;1007.65;1027.44
17-Feb-17;1026.12;1053.17;1025.64;1046.21
18-Feb-17;1049.21;1061.10;1046.96;1054.42
19-Feb-17;1054.76;1056.81;1043.46;1047.87
20-Feb-17;1048.69;1080.49;1041.69;1079.98
21-Feb-17;1079.28;1117.25;1076.93;1115.30
22-Feb-17;1114.80;1125.39;1100.55;1117.44
23-Feb-17;1117.27;1176.62;1116.96;1166.72
24-Feb-17;1172.71;1200.39;1131.96;1173.68
25-Feb-17;1170.41;1174.85;1124.59;1143.84
26-Feb-17;1144.27;1167.47;1130.20;1165.20
27-Feb-17;1163.78;1181.98;1163.38;1179.97
28-Feb-17;1180.72;1193.25;1171.82;1179.97
01-Mar-17;1180.04;1222.50;1179.69;1222.50
02-Mar-17;1224.68;1262.13;1215.62;1251.01
03-Mar-17;1250.71;1280.31;1250.71;1274.99
04-Mar-17;1277.43;1279.40;1230.51;1255.15
05-Mar-17;1254.29;1267.29;1238.06;1267.12
06-Mar-17;1267.47;1276.00;1264.60;1272.83
07-Mar-17;1273.21;1275.55;1204.80;1223.54
08-Mar-17;1223.23;1232.16;1148.08;1150.00
09-Mar-17;1150.35;1197.46;1141.23;1188.49
10-Mar-17;1189.36;1270.47;1077.25;1116.72
11-Mar-17;1116.32;1193.83;1116.32;1175.83
12-Mar-17;1176.62;1226.98;1175.36;1221.38
13-Mar-17;1221.78;1237.37;1217.03;1231.92
14-Mar-17;1232.16;1244.81;1220.72;1240.00
15-Mar-17;1240.16;1251.61;1239.75;1249.61
16-Mar-17;1251.33;1257.98;1152.44;1187.81
17-Mar-17;1180.16;1180.16;1099.57;1100.23
18-Mar-17;1099.69;1114.07;957.66;973.82
19-Mar-17;976.73;1069.91;976.73;1036.74
20-Mar-17;1037.24;1063.03;1036.68;1054.23
21-Mar-17;1055.36;1122.43;1055.36;1120.54
22-Mar-17;1120.65;1120.65;1014.21;1049.14
23-Mar-17;1050.05;1058.01;1028.93;1038.59
24-Mar-17;1038.45;1040.47;934.36;937.52
25-Mar-17;936.54;975.76;903.71;972.78
26-Mar-17;974.02;1007.96;954.19;966.72
27-Mar-17;972.05;1046.40;971.98;1045.77
28-Mar-17;1044.58;1064.65;1027.73;1047.15
29-Mar-17;1046.08;1055.13;1015.88;1039.97
30-Mar-17;1042.21;1049.29;1020.04;1026.43
31-Mar-17;1026.64;1074.92;1026.64;1071.79
01-Apr-17;1071.71;1091.72;1061.09;1080.50
02-Apr-17;1080.61;1107.59;1075.45;1102.17
03-Apr-17;1102.95;1151.74;1102.95;1143.81
04-Apr-17;1145.52;1156.44;1120.52;1133.25
05-Apr-17;1134.14;1135.09;1113.63;1124.78
06-Apr-17;1125.81;1188.37;1125.81;1182.68
07-Apr-17;1178.94;1186.58;1163.39;1176.90
08-Apr-17;1172.65;1184.98;1162.58;1175.95
09-Apr-17;1176.57;1197.21;1171.86;1187.87
10-Apr-17;1187.30;1190.34;1179.04;1187.13
11-Apr-17;1187.46;1208.07;1187.46;1205.01
12-Apr-17;1204.81;1207.14;1196.76;1200.37
13-Apr-17;1201.02;1205.89;1156.44;1169.28
14-Apr-17;1170.33;1190.80;1159.79;1167.54
15-Apr-17;1167.30;1188.00;1164.96;1172.52
16-Apr-17;1172.61;1187.22;1172.61;1182.94
17-Apr-17;1183.25;1194.90;1172.65;1193.91
18-Apr-17;1193.77;1217.57;1193.77;1211.67
19-Apr-17;1212.13;1215.51;1205.08;1210.29
20-Apr-17;1211.08;1240.79;1208.41;1229.08
21-Apr-17;1229.42;1235.94;1215.56;1222.05
22-Apr-17;1222.71;1235.56;1208.47;1231.71
23-Apr-17;1231.92;1232.20;1203.94;1207.21
24-Apr-17;1209.63;1250.94;1209.63;1250.15
25-Apr-17;1250.45;1267.58;1249.97;1265.49
26-Apr-17;1265.99;1294.83;1265.93;1281.08
27-Apr-17;1281.88;1319.70;1281.30;1317.73
28-Apr-17;1317.74;1331.28;1292.37;1316.48
29-Apr-17;1317.84;1327.20;1315.21;1321.79
30-Apr-17;1321.87;1347.91;1314.92;1347.89
01-May-17;1348.30;1434.32;1348.30;1421.60
02-May-17;1421.03;1473.90;1415.69;1452.82
03-May-17;1453.78;1492.77;1447.49;1490.09
04-May-17;1490.72;1608.91;1490.72;1537.67
05-May-17;1540.87;1618.03;1530.31;1555.45
06-May-17;1556.81;1578.80;1542.50;1578.80
07-May-17;1579.47;1596.72;1559.76;1596.71
08-May-17;1596.92;1723.35;1596.92;1723.35
09-May-17;1723.89;1833.49;1716.30;1755.36
10-May-17;1756.52;1788.44;1719.10;1787.13
11-May-17;1780.37;1873.93;1755.35;1848.57
12-May-17;1845.76;1856.15;1694.01;1724.24
13-May-17;1723.12;1812.99;1651.08;1804.91
14-May-17;1800.86;1831.42;1776.62;1808.91
15-May-17;1808.44;1812.80;1708.54;1738.43
16-May-17;1741.70;1785.94;1686.54;1734.45
17-May-17;1726.73;1864.05;1661.91;1839.09
18-May-17;1818.70;1904.48;1807.12;1888.65
19-May-17;1897.37;2004.52;1890.25;1987.71
20-May-17;1984.24;2084.73;1974.92;2084.73
21-May-17;2067.03;2119.08;2037.50;2041.20
22-May-17;2043.19;2303.90;2017.87;2173.40
23-May-17;2191.56;2320.82;2178.50;2320.42
24-May-17;2321.37;2523.72;2321.37;2443.64
25-May-17;2446.24;2763.71;2285.30;2304.98
26-May-17;2320.89;2573.79;2071.99;2202.42
27-May-17;2196.27;2260.20;1855.83;2038.87
28-May-17;2054.08;2267.34;2054.08;2155.80
29-May-17;2159.43;2307.05;2107.17;2255.61
30-May-17;2255.36;2301.96;2124.57;2175.47
31-May-17;2187.19;2311.08;2145.57;2286.41
01-Jun-17;2288.33;2448.39;2288.33;2407.88
02-Jun-17;2404.03;2488.55;2373.32;2488.55
03-Jun-17;2493.72;2581.91;2423.57;2515.35
04-Jun-17;2547.79;2585.89;2452.54;2511.81
05-Jun-17;2512.40;2686.81;2510.22;2686.81
06-Jun-17;2690.84;2999.91;2690.84;2863.20
07-Jun-17;2869.38;2869.38;2700.56;2732.16
08-Jun-17;2720.49;2815.30;2670.95;2805.62
09-Jun-17;2807.44;2901.71;2795.62;2823.81
10-Jun-17;2828.14;2950.99;2746.55;2947.71
11-Jun-17;2942.41;2996.60;2840.53;2958.11
12-Jun-17;2953.22;2997.26;2518.56;2659.63
13-Jun-17;2680.91;2789.04;2650.38;2717.02
14-Jun-17;2716.88;2786.83;2412.94;2506.37
15-Jun-17;2499.58;2534.71;2212.96;2464.58
16-Jun-17;2469.57;2539.92;2385.15;2518.56
17-Jun-17;2514.01;2685.19;2484.96;2655.88
18-Jun-17;2655.35;2662.10;2516.33;2548.29
19-Jun-17;2549.03;2662.85;2549.03;2589.60
20-Jun-17;2591.26;2763.45;2589.82;2721.79
21-Jun-17;2709.43;2772.01;2660.40;2689.10
22-Jun-17;2691.03;2723.74;2642.36;2705.41
23-Jun-17;2707.34;2765.17;2706.37;2744.91
24-Jun-17;2738.52;2757.94;2583.19;2608.72
25-Jun-17;2607.25;2682.26;2552.12;2589.41
26-Jun-17;2590.57;2615.25;2376.29;2478.45
27-Jun-17;2478.45;2552.45;2332.99;2552.45
28-Jun-17;2553.03;2603.98;2484.42;2574.79
29-Jun-17;2567.56;2588.83;2510.48;2539.32
30-Jun-17;2539.24;2559.25;2478.43;2480.84
01-Jul-17;2492.60;2515.27;2419.23;2434.55
02-Jul-17;2436.40;2514.28;2394.84;2506.47
03-Jul-17;2498.56;2595.00;2480.47;2564.06
04-Jul-17;2561.00;2631.59;2559.35;2601.64
05-Jul-17;2602.87;2622.65;2538.55;2601.99
06-Jul-17;2608.10;2616.72;2581.69;2608.56
07-Jul-17;2608.59;2916.14;2498.87;2518.66
08-Jul-17;2520.27;2571.34;2492.31;2571.34
09-Jul-17;2572.61;2635.49;2517.59;2518.44
10-Jul-17;2525.25;2537.16;2321.13;2372.56
11-Jul-17;2385.89;2413.47;2296.81;2337.79
12-Jul-17;2332.77;2423.71;2275.14;2398.84
13-Jul-17;2402.70;2425.22;2340.83;2357.90
14-Jul-17;2360.59;2363.25;2183.22;2233.34
15-Jul-17;2230.12;2231.14;1990.41;1998.86
16-Jul-17;1991.98;2058.77;1843.03;1929.82
17-Jul-17;1932.62;2230.49;1932.62;2228.41
18-Jul-17;2233.52;2387.61;2164.77;2318.88
19-Jul-17;2323.08;2397.17;2260.23;2273.43
20-Jul-17;2269.89;2900.70;2269.89;2817.60
21-Jul-17;2838.41;2838.41;2621.85;2667.76
22-Jul-17;2668.63;2862.42;2657.71;2810.12
23-Jul-17;2808.10;2832.18;2653.94;2730.40
24-Jul-17;2732.70;2777.26;2699.19;2754.86
25-Jul-17;2757.50;2768.08;2480.96;2576.48
26-Jul-17;2577.77;2610.76;2450.80;2529.45
27-Jul-17;2538.71;2693.32;2529.34;2671.78
28-Jul-17;2679.73;2897.45;2679.73;2809.01
29-Jul-17;2807.02;2808.76;2692.80;2726.45
30-Jul-17;2724.39;2758.53;2644.85;2757.18
31-Jul-17;2763.24;2889.62;2720.61;2875.34
01-Aug-17;2871.30;2921.35;2685.61;2718.26
02-Aug-17;2727.13;2762.53;2668.59;2710.67
03-Aug-17;2709.56;2813.31;2685.14;2804.73
04-Aug-17;2806.93;2899.33;2743.72;2895.89
05-Aug-17;2897.63;3290.01;2874.83;3252.91
06-Aug-17;3257.61;3293.29;3155.60;3213.94
07-Aug-17;3212.78;3397.68;3180.89;3378.94
08-Aug-17;3370.22;3484.85;3345.83;3419.94
09-Aug-17;3420.40;3422.76;3247.67;3342.47
10-Aug-17;3341.84;3453.45;3319.47;3381.28
11-Aug-17;3373.82;3679.72;3372.12;3650.62
12-Aug-17;3650.63;3949.92;3613.70;3884.71
13-Aug-17;3880.04;4208.39;3857.80;4073.26
14-Aug-17;4066.10;4325.13;3989.16;4325.13
15-Aug-17;4326.99;4455.97;3906.18;4181.93
16-Aug-17;4200.34;4381.23;3994.42;4376.63
17-Aug-17;4384.44;4484.70;4243.71;4331.69
18-Aug-17;4324.34;4370.13;4015.40;4160.62
19-Aug-17;4137.75;4243.26;3970.55;4193.70
20-Aug-17;4189.31;4196.29;4069.88;4087.66
21-Aug-17;4090.48;4109.14;3988.60;4001.74
22-Aug-17;3998.35;4128.76;3674.58;4100.52
23-Aug-17;4089.01;4255.78;4078.41;4151.52
24-Aug-17;4137.60;4376.39;4130.26;4334.68
25-Aug-17;4332.82;4455.70;4307.35;4371.60
26-Aug-17;4372.06;4379.28;4269.52;4352.40
27-Aug-17;4345.10;4416.59;4317.29;4382.88
28-Aug-17;4384.45;4403.93;4224.64;4382.66
29-Aug-17;4389.21;4625.68;4352.13;4579.02
30-Aug-17;4570.36;4626.52;4471.41;4565.30
31-Aug-17;4555.59;4736.05;4549.40;4703.39
01-Sep-17;4701.76;4892.01;4678.53;4892.01
02-Sep-17;4901.42;4975.04;4469.24;4578.77
03-Sep-17;4585.27;4714.08;4417.59;4582.96
04-Sep-17;4591.63;4591.63;4108.40;4236.31
05-Sep-17;4228.29;4427.84;3998.11;4376.53
06-Sep-17;4376.59;4617.25;4376.59;4597.12
07-Sep-17;4589.14;4655.04;4491.33;4599.88
08-Sep-17;4605.16;4661.00;4075.18;4228.75
09-Sep-17;4229.81;4308.82;4114.11;4226.06
10-Sep-17;4229.34;4245.44;3951.04;4122.94
11-Sep-17;4122.47;4261.67;4099.40;4161.27
12-Sep-17;4168.88;4344.65;4085.22;4130.81
13-Sep-17;4131.98;4131.98;3789.92;3882.59
14-Sep-17;3875.37;3920.60;3153.86;3154.95
15-Sep-17;3166.30;3733.45;2946.62;3637.52
16-Sep-17;3637.75;3808.84;3487.79;3625.04
17-Sep-17;3606.28;3664.81;3445.64;3582.88
18-Sep-17;3591.09;4079.23;3591.09;4065.20
19-Sep-17;4073.79;4094.07;3868.87;3924.97
20-Sep-17;3916.36;4031.39;3857.73;3905.95
21-Sep-17;3901.47;3916.42;3613.63;3631.04
22-Sep-17;3628.02;3758.27;3553.53;3630.70
23-Sep-17;3629.92;3819.21;3594.58;3792.40
24-Sep-17;3796.15;3796.15;3666.90;3682.84
25-Sep-17;3681.58;3950.25;3681.58;3926.07
26-Sep-17;3928.41;3969.89;3869.90;3892.35
27-Sep-17;3892.94;4210.05;3884.82;4200.67
28-Sep-17;4197.13;4279.31;4109.70;4174.73
29-Sep-17;4171.62;4214.63;4039.29;4163.07
30-Sep-17;4166.11;4358.43;4160.86;4338.71
01-Oct-17;4341.05;4403.74;4269.81;4403.74
02-Oct-17;4395.81;4470.23;4377.46;4409.32
03-Oct-17;4408.46;4432.47;4258.89;4317.48
04-Oct-17;4319.37;4352.31;4210.42;4229.36
05-Oct-17;4229.88;4362.64;4164.05;4328.41
06-Oct-17;4324.46;4413.27;4320.53;4370.81
07-Oct-17;4369.35;4443.88;4321.05;4426.89
08-Oct-17;4429.67;4624.14;4405.64;4610.48
09-Oct-17;4614.52;4878.71;4564.25;4772.02
10-Oct-17;4776.21;4922.17;4765.10;4781.99
11-Oct-17;4789.25;4873.73;4751.63;4826.48
12-Oct-17;4829.58;5446.91;4822.00;5446.91
13-Oct-17;5464.16;5840.30;5436.85;5647.21
14-Oct-17;5643.53;5837.70;5591.64;5831.79
15-Oct-17;5835.96;5852.48;5478.61;5678.19
16-Oct-17;5687.57;5776.23;5544.21;5725.59
17-Oct-17;5741.58;5800.35;5472.72;5605.51
18-Oct-17;5603.82;5603.82;5151.44;5590.69
19-Oct-17;5583.74;5744.35;5531.06;5708.52
20-Oct-17;5708.11;6060.11;5627.23;6011.45
21-Oct-17;5996.79;6194.88;5965.07;6031.60
22-Oct-17;6036.66;6076.26;5792.34;6008.42
23-Oct-17;6006.00;6075.59;5732.47;5930.32
24-Oct-17;5935.52;5935.52;5504.18;5526.64
25-Oct-17;5524.60;5754.33;5397.88;5750.80
26-Oct-17;5747.95;5976.80;5721.22;5904.83
27-Oct-17;5899.74;5988.39;5728.82;5780.90
28-Oct-17;5787.82;5876.72;5689.19;5753.09
29-Oct-17;5754.44;6255.71;5724.58;6153.85
30-Oct-17;6114.85;6214.99;6040.85;6130.53
31-Oct-17;6132.02;6470.43;6103.33;6468.40
01-Nov-17;6440.97;6767.31;6377.88;6767.31
02-Nov-17;6777.77;7367.33;6758.72;7078.50
03-Nov-17;7087.53;7461.29;7002.94;7207.76
04-Nov-17;7164.48;7492.86;7031.28;7379.95
05-Nov-17;7404.52;7617.48;7333.19;7407.41
06-Nov-17;7403.22;7445.77;7007.31;7022.76
07-Nov-17;7023.10;7253.32;7023.10;7144.38
08-Nov-17;7141.38;7776.42;7114.02;7459.69
09-Nov-17;7446.83;7446.83;7101.52;7143.58
10-Nov-17;7173.73;7312.00;6436.87;6618.14
11-Nov-17;6618.61;6873.15;6204.22;6357.60
12-Nov-17;6295.45;6625.05;5519.01;5950.07
13-Nov-17;5938.25;6811.19;5844.29;6559.49
14-Nov-17;6561.48;6764.98;6461.75;6635.75
15-Nov-17;6634.76;7342.25;6634.76;7315.54
16-Nov-17;7323.24;7967.38;7176.58;7871.69
17-Nov-17;7853.57;8004.59;7561.09;7708.99
18-Nov-17;7697.21;7884.99;7463.44;7790.15
19-Nov-17;7766.03;8101.91;7694.10;8036.49
20-Nov-17;8039.07;8336.86;7949.36;8200.64
21-Nov-17;8205.74;8348.66;7762.71;8071.26
22-Nov-17;8077.95;8302.26;8075.47;8253.55
23-Nov-17;8232.38;8267.40;8038.77;8038.77
24-Nov-17;8074.02;8374.16;7940.93;8253.69
25-Nov-17;8241.71;8790.92;8191.15;8790.92
26-Nov-17;8789.04;9522.93;8775.59;9330.55
27-Nov-17;9352.72;9818.35;9352.72;9818.35
28-Nov-17;9823.43;10125.70;9736.30;10058.80
29-Nov-17;10077.40;11517.40;9601.03;9888.61
30-Nov-17;9906.79;10801.00;9202.05;10233.60
01-Dec-17;10198.60;11046.70;9694.65;10975.60
02-Dec-17;10978.30;11320.20;10905.10;11074.60
03-Dec-17;11082.70;11858.70;10862.00;11323.20
04-Dec-17;11315.40;11657.20;11081.80;11657.20
05-Dec-17;11685.70;12032.00;11604.60;11916.70
06-Dec-17;11923.40;14369.10;11923.40;14291.50
07-Dec-17;14266.10;17899.70;14057.30;17899.70
08-Dec-17;17802.90;18353.40;14336.90;16569.40
09-Dec-17;16523.30;16783.00;13674.90;15178.20
10-Dec-17;15168.40;15850.60;13226.60;15455.40
11-Dec-17;15427.40;17513.90;15404.80;16936.80
12-Dec-17;16919.80;17781.80;16571.60;17415.40
13-Dec-17;17500.00;17653.10;16039.70;16408.20
14-Dec-17;16384.60;17085.80;16185.90;16564.00
15-Dec-17;16601.30;18154.10;16601.30;17706.90
16-Dec-17;17760.30;19716.70;17515.30;19497.40
17-Dec-17;19475.80;20089.00;18974.10;19140.80
18-Dec-17;19106.40;19371.00;18355.90;19114.20
19-Dec-17;19118.30;19177.80;17275.40;17776.70
20-Dec-17;17760.30;17934.70;16077.70;16624.60
21-Dec-17;16642.40;17567.70;15342.70;15802.90
22-Dec-17;15898.00;15943.40;11833.00;13831.80
23-Dec-17;13948.70;15603.20;13828.80;14699.20
24-Dec-17;14608.20;14626.00;12747.70;13925.80
25-Dec-17;13995.90;14593.00;13448.90;14026.60
26-Dec-17;14036.60;16461.20;14028.90;16099.80
27-Dec-17;16163.50;16930.90;15114.30;15838.50
28-Dec-17;15864.10;15888.40;13937.30;14606.50
29-Dec-17;14695.80;15279.00;14307.00;14656.20
30-Dec-17;14681.90;14681.90;12350.10;12952.20
31-Dec-17;12897.70;14377.40;12755.60;14156.40
01-Jan-18;14112.20;14112.20;13154.70;13657.20
02-Jan-18;13625.00;15444.60;13163.60;14982.10
03-Jan-18;14978.20;15572.80;14844.50;15201.00
04-Jan-18;15270.70;15739.70;14522.20;15599.20
05-Jan-18;15477.20;17705.20;15202.80;17429.50
06-Jan-18;17462.10;17712.40;16764.60;17527.00
07-Jan-18;17527.30;17579.60;16087.70;16477.60
08-Jan-18;16476.20;16537.90;14208.20;15170.10
09-Jan-18;15123.70;15497.50;14424.00;14595.40
10-Jan-18;14588.50;14973.30;13691.20;14973.30
11-Jan-18;14968.20;15018.80;13105.90;13405.80
12-Jan-18;13453.90;14229.90;13158.10;13980.60
13-Jan-18;13952.40;14659.50;13952.40;14360.20
14-Jan-18;14370.80;14511.80;13268.00;13772.00
15-Jan-18;13767.30;14445.50;13641.70;13819.80
16-Jan-18;13836.10;13843.10;10194.90;11490.50
17-Jan-18;11431.10;11678.00;9402.29;11188.60
18-Jan-18;11198.80;12107.30;10942.50;11474.90
19-Jan-18;11429.80;11992.80;11172.10;11607.40
20-Jan-18;11656.20;13103.00;11656.20;12899.20
21-Jan-18;12889.20;12895.90;11288.20;11600.10
22-Jan-18;11633.10;11966.40;10240.20;10931.40
23-Jan-18;10944.50;11377.60;10129.70;10868.40
24-Jan-18;10903.40;11501.40;10639.80;11359.40
25-Jan-18;11421.70;11785.70;11057.40;11259.40
26-Jan-18;11256.00;11656.70;10470.30;11171.40
27-Jan-18;11174.90;11614.90;10989.20;11440.70
28-Jan-18;11475.30;12040.30;11475.30;11786.30
29-Jan-18;11755.50;11875.60;11179.20;11296.40
30-Jan-18;11306.80;11307.20;10036.20;10106.30
31-Jan-18;10108.20;10381.60;9777.42;10221.10
01-Feb-18;10237.30;10288.80;8812.28;9170.54
02-Feb-18;9142.28;9142.28;7796.49;8830.75
03-Feb-18;8852.12;9430.75;8251.63;9174.91
04-Feb-18;9175.70;9334.87;8031.22;8277.01
05-Feb-18;8270.54;8364.84;6756.68;6955.27
06-Feb-18;7051.75;7850.70;6048.26;7754.00
07-Feb-18;7755.49;8509.11;7236.79;7621.30
08-Feb-18;7637.86;8558.77;7637.86;8265.59
09-Feb-18;8271.84;8736.98;7884.71;8736.98
10-Feb-18;8720.08;9122.55;8295.47;8621.90
11-Feb-18;8616.13;8616.13;7931.10;8129.97
12-Feb-18;8141.43;8985.92;8141.43;8926.57
13-Feb-18;8926.72;8958.47;8455.41;8598.31
14-Feb-18;8599.92;9518.54;8599.92;9494.63
15-Feb-18;9488.32;10234.80;9395.58;10166.40
16-Feb-18;10135.70;10324.10;9824.82;10233.90
17-Feb-18;10207.50;11139.50;10149.40;11112.70
18-Feb-18;11123.40;11349.80;10326.00;10551.80
19-Feb-18;10552.60;11273.80;10513.20;11225.30
20-Feb-18;11231.80;11958.50;11231.80;11403.70
21-Feb-18;11372.20;11418.50;10479.10;10690.40
22-Feb-18;10660.40;11039.10;9939.09;10005.00
23-Feb-18;9937.07;10487.30;9734.56;10301.10
24-Feb-18;10287.70;10597.20;9546.97;9813.07
25-Feb-18;9796.42;9923.22;9407.06;9664.73
26-Feb-18;9669.43;10475.00;9501.73;10366.70
27-Feb-18;10393.90;10878.50;10246.10;10725.60
28-Feb-18;10687.20;11089.80;10393.10;10397.90
01-Mar-18;10385.00;11052.30;10352.70;10951.00
02-Mar-18;10977.40;11189.00;10850.10;11086.40
03-Mar-18;11101.90;11528.20;11002.40;11489.70
04-Mar-18;11497.40;11512.60;11136.10;11512.60
05-Mar-18;11532.40;11704.10;11443.90;11573.30
06-Mar-18;11500.10;11500.10;10694.30;10779.90
07-Mar-18;10803.90;10929.50;9692.12;9965.57
08-Mar-18;9951.44;10147.40;9335.87;9395.01
09-Mar-18;9414.69;9466.35;8513.03;9337.55
10-Mar-18;9350.59;9531.32;8828.47;8866.00
11-Mar-18;8852.78;9711.89;8607.12;9578.63
12-Mar-18;9602.93;9937.50;8956.43;9205.12
13-Mar-18;9173.04;9470.38;8958.19;9194.85
14-Mar-18;9214.65;9355.85;8068.59;8269.81
15-Mar-18;8290.76;8428.35;7783.05;8300.86
16-Mar-18;8322.91;8585.15;8005.31;8338.35
17-Mar-18;8321.91;8346.53;7812.82;7916.88
18-Mar-18;7890.52;8245.51;7397.99;8223.68
19-Mar-18;8344.12;8675.87;8182.40;8630.65
20-Mar-18;8619.67;9051.02;8389.89;8913.47
21-Mar-18;8937.48;9177.37;8846.33;8929.28
22-Mar-18;8939.44;9100.71;8564.90;8728.47
23-Mar-18;8736.25;8879.62;8360.62;8879.62
24-Mar-18;8901.95;8996.18;8665.70;8668.12
25-Mar-18;8612.81;8682.01;8449.10;8495.78
26-Mar-18;8498.47;8530.08;7921.43;8209.40
27-Mar-18;8200.00;8232.78;7797.28;7833.04
28-Mar-18;7836.83;8122.89;7809.17;7954.48
29-Mar-18;7979.07;7994.33;7081.38;7165.70
30-Mar-18;7171.45;7276.66;6683.93;6890.52
31-Mar-18;6892.48;7207.85;6863.52;6973.53
01-Apr-18;7003.06;7060.95;6526.87;6844.23
02-Apr-18;6844.86;7135.47;6816.58;7083.80
03-Apr-18;7102.26;7530.94;7072.49;7456.11
04-Apr-18;7456.41;7469.88;6803.88;6853.84
05-Apr-18;6848.65;6933.82;6644.80;6811.47
06-Apr-18;6815.96;6857.49;6575.00;6636.32
07-Apr-18;6630.51;7050.54;6630.51;6911.09
08-Apr-18;6919.98;7111.56;6919.98;7023.52
09-Apr-18;7044.32;7178.11;6661.99;6770.73
10-Apr-18;6795.44;6872.41;6704.15;6834.76
11-Apr-18;6843.47;6968.32;6817.59;6968.32
12-Apr-18;6955.38;7899.23;6806.51;7889.25
13-Apr-18;7901.09;8183.96;7758.93;7895.96
14-Apr-18;7874.67;8140.71;7846.00;7986.24
15-Apr-18;7999.33;8338.42;7999.33;8329.11
16-Apr-18;8337.57;8371.15;7925.73;8058.67
17-Apr-18;8071.66;8285.96;7881.72;7902.09
18-Apr-18;7944.43;8197.80;7886.01;8163.42
19-Apr-18;8159.27;8298.69;8138.78;8294.31
20-Apr-18;8286.88;8880.23;8244.54;8845.83
21-Apr-18;8848.79;8997.57;8652.15;8895.58
22-Apr-18;8925.06;9001.64;8779.61;8802.46
23-Apr-18;8794.39;8958.55;8788.81;8930.88
24-Apr-18;8934.34;9732.61;8927.83;9697.50
25-Apr-18;9701.03;9745.32;8799.84;8845.74
26-Apr-18;8867.32;9281.51;8727.09;9281.51
27-Apr-18;9290.63;9375.47;8987.05;8987.05
28-Apr-18;8939.27;9412.09;8931.99;9348.48
29-Apr-18;9346.41;9531.49;9193.71;9419.08
30-Apr-18;9426.11;9477.14;9166.81;9240.55
01-May-18;9251.47;9255.88;8891.05;9119.01
02-May-18;9104.60;9256.52;9015.14;9235.92
03-May-18;9233.97;9798.33;9188.15;9743.86
04-May-18;9695.50;9779.20;9585.96;9700.76
05-May-18;9700.28;9964.50;9695.12;9858.15
06-May-18;9845.31;9940.14;9465.25;9654.80
07-May-18;9645.67;9665.85;9231.53;9373.01
08-May-18;9380.87;9462.75;9127.77;9234.82
09-May-18;9223.73;9374.76;9031.62;9325.18
10-May-18;9325.96;9396.04;9040.52;9043.94
11-May-18;9052.96;9052.96;8394.46;8441.49
12-May-18;8441.44;8664.86;8223.50;8504.89
13-May-18;8515.49;8773.55;8395.12;8723.94
14-May-18;8713.10;8881.12;8367.97;8716.79
15-May-18;8705.19;8836.19;8456.45;8510.38
16-May-18;8504.41;8508.43;8175.49;8368.83
17-May-18;8370.05;8445.54;8054.12;8094.32
18-May-18;8091.83;8274.12;7974.82;8250.97
19-May-18;8255.73;8372.06;8183.35;8247.18
20-May-18;8246.99;8562.41;8205.24;8513.25
21-May-18;8522.33;8557.52;8365.12;8418.99
22-May-18;8419.87;8423.25;8004.58;8041.78
23-May-18;8037.08;8054.66;7507.88;7557.82
24-May-18;7561.12;7738.60;7331.14;7587.34
25-May-18;7592.30;7659.14;7392.65;7480.14
26-May-18;7486.48;7595.16;7349.12;7355.88
27-May-18;7362.08;7381.74;7270.96;7368.22
28-May-18;7371.31;7419.05;7100.89;7135.99
29-May-18;7129.46;7526.42;7090.68;7472.59
30-May-18;7469.73;7573.77;7313.60;7406.52
31-May-18;7406.15;7608.90;7361.13;7494.17
01-Jun-18;7500.70;7604.73;7407.34;7541.45
02-Jun-18;7536.72;7695.83;7497.26;7643.45
03-Jun-18;7632.09;7754.89;7613.04;7720.25
04-Jun-18;7722.53;7753.82;7474.04;7514.47
05-Jun-18;7500.90;7643.23;7397.00;7633.76
06-Jun-18;7625.97;7680.43;7502.01;7653.98
07-Jun-18;7650.82;7741.27;7650.82;7678.24
08-Jun-18;7685.14;7698.19;7558.40;7624.92
09-Jun-18;7632.52;7683.58;7531.98;7531.98
10-Jun-18;7499.55;7499.55;6709.07;6786.02
11-Jun-18;6799.29;6910.18;6706.63;6906.92
12-Jun-18;6905.82;6907.96;6542.08;6582.36
13-Jun-18;6596.88;6631.66;6285.63;6349.90
14-Jun-18;6342.75;6707.14;6334.46;6675.35
15-Jun-18;6674.08;6681.08;6433.87;6456.58
16-Jun-18;6455.45;6592.49;6402.29;6550.16
17-Jun-18;6545.53;6589.11;6499.27;6499.27
18-Jun-18;6510.07;6781.14;6446.68;6734.82
19-Jun-18;6742.39;6822.50;6709.92;6769.94
20-Jun-18;6770.76;6821.56;6611.88;6776.55
21-Jun-18;6780.09;6810.94;6715.17;6729.74
22-Jun-18;6737.88;6747.08;6006.60;6083.69
23-Jun-18;6090.10;6224.82;6071.81;6162.48
24-Jun-18;6164.28;6223.78;5826.41;6173.23
25-Jun-18;6171.97;6327.37;6119.68;6249.18
26-Jun-18;6253.55;6290.16;6093.67;6093.67
27-Jun-18;6084.40;6180.00;6052.85;6157.13
28-Jun-18;6153.16;6170.41;5873.05;5903.44
29-Jun-18;5898.13;6261.66;5835.75;6218.30
30-Jun-18;6214.22;6465.51;6214.22;6404.00
01-Jul-18;6411.68;6432.85;6289.29;6385.82
02-Jul-18;6380.38;6683.86;6305.70;6614.18
03-Jul-18;6596.66;6671.37;6447.75;6529.59
04-Jul-18;6550.87;6771.92;6450.46;6597.55
05-Jul-18;6599.71;6749.54;6546.65;6639.14
06-Jul-18;6638.69;6700.94;6533.55;6673.50
07-Jul-18;6668.71;6863.99;6579.24;6856.93
08-Jul-18;6857.80;6885.91;6747.98;6773.88
09-Jul-18;6775.08;6838.68;6724.34;6741.75
10-Jul-18;6739.21;6767.74;6320.72;6329.95
11-Jul-18;6330.77;6444.96;6330.47;6394.71
12-Jul-18;6396.78;6397.10;6136.42;6228.81
13-Jul-18;6235.03;6310.55;6192.24;6238.05
14-Jul-18;6247.50;6298.19;6212.22;6276.12
15-Jul-18;6272.70;6403.46;6256.51;6359.64
16-Jul-18;6357.01;6741.75;6357.01;6741.75
17-Jul-18;6739.65;7387.24;6684.17;7321.04
18-Jul-18;7315.32;7534.99;7280.47;7370.78
19-Jul-18;7378.20;7494.46;7295.46;7466.86
20-Jul-18;7467.40;7594.67;7323.26;7354.13
21-Jul-18;7352.72;7437.64;7262.41;7419.29
22-Jul-18;7417.80;7537.95;7383.82;7418.49
23-Jul-18;7414.71;7771.50;7409.10;7711.11
24-Jul-18;7716.51;8424.27;7705.50;8424.27
25-Jul-18;8379.66;8416.87;8086.36;8181.39
26-Jul-18;8176.85;8290.33;7878.71;7951.58
27-Jul-18;7950.40;8262.66;7839.76;8165.01
28-Jul-18;8169.06;8222.85;8110.77;8192.15
29-Jul-18;8205.82;8272.26;8141.18;8218.46
30-Jul-18;8221.58;8235.50;7917.50;8180.48
31-Jul-18;8181.20;8181.53;7696.93;7780.44
01-Aug-18;7769.04;7769.04;7504.95;7624.91
02-Aug-18;7634.19;7712.77;7523.44;7567.15
03-Aug-18;7562.14;7562.14;7328.65;7434.39
04-Aug-18;7438.67;7497.49;6984.07;7032.85
05-Aug-18;7031.08;7102.77;6940.70;7068.48
06-Aug-18;7062.94;7166.55;6890.54;6951.80
07-Aug-18;6958.32;7146.56;6748.24;6753.12
08-Aug-18;6746.85;6746.85;6226.22;6305.80
09-Aug-18;6305.56;6625.73;6249.07;6568.23
10-Aug-18;6571.42;6591.26;6124.52;6184.71
11-Aug-18;6185.79;6455.74;6109.03;6295.73
12-Aug-18;6283.65;6409.85;6237.50;6322.69
13-Aug-18;6341.36;6537.05;6225.72;6297.57
14-Aug-18;6287.66;6287.94;5971.05;6199.71
15-Aug-18;6221.42;6588.49;6221.42;6308.52
16-Aug-18;6294.23;6473.50;6276.41;6334.73
17-Aug-18;6340.91;6582.50;6324.97;6580.63
18-Aug-18;6583.43;6617.35;6353.73;6423.76
19-Aug-18;6422.57;6537.98;6361.55;6506.07
20-Aug-18;6500.51;6536.92;6297.93;6308.53
21-Aug-18;6301.07;6500.87;6298.24;6488.76
22-Aug-18;6486.25;6816.79;6310.11;6376.71
23-Aug-18;6371.34;6546.54;6371.34;6534.88
24-Aug-18;6551.52;6719.96;6498.64;6719.96
25-Aug-18;6719.95;6789.63;6700.96;6763.19
26-Aug-18;6754.64;6774.75;6620.75;6707.26
27-Aug-18;6710.80;6884.64;6689.71;6884.64
28-Aug-18;6891.08;7109.56;6882.34;7096.28
29-Aug-18;7091.71;7113.30;6970.82;7047.16
30-Aug-18;7043.76;7072.69;6834.69;6978.23
31-Aug-18;6973.97;7057.17;6920.16;7037.58
01-Sep-18;7044.81;7242.29;7038.05;7193.25
02-Sep-18;7189.58;7306.31;7132.16;7272.72
03-Sep-18;7279.03;7317.94;7208.15;7260.06
04-Sep-18;7263.00;7388.26;7255.44;7361.66
05-Sep-18;7361.46;7388.43;6792.83;6792.83
06-Sep-18;6755.14;6755.14;6404.72;6529.17
07-Sep-18;6528.92;6555.29;6396.87;6467.07
08-Sep-18;6460.17;6534.25;6197.52;6225.98
09-Sep-18;6223.38;6446.26;6201.22;6300.86
10-Sep-18;6301.57;6374.98;6292.76;6329.70
11-Sep-18;6331.88;6398.92;6260.21;6321.20
12-Sep-18;6317.01;6363.87;6265.09;6351.80
13-Sep-18;6354.24;6535.41;6354.24;6517.31
14-Sep-18;6515.41;6596.10;6456.17;6512.71
15-Sep-18;6509.40;6561.72;6493.55;6543.20
16-Sep-18;6536.68;6544.33;6460.10;6517.18
17-Sep-18;6514.06;6540.21;6257.52;6281.20
18-Sep-18;6280.91;6384.18;6265.71;6371.30
19-Sep-18;6371.85;6448.46;6208.34;6398.54
20-Sep-18;6398.85;6529.26;6395.95;6519.67
21-Sep-18;6513.87;6794.33;6496.36;6734.95
22-Sep-18;6735.05;6814.56;6616.80;6721.98
23-Sep-18;6715.32;6766.15;6679.42;6710.63
24-Sep-18;6704.77;6713.56;6580.90;6595.41
25-Sep-18;6603.64;6603.64;6381.86;6446.47
26-Sep-18;6452.79;6585.91;6397.89;6495.00
27-Sep-18;6495.29;6712.10;6464.95;6676.75
28-Sep-18;6678.75;6785.03;6598.32;6644.13
29-Sep-18;6643.10;6643.10;6511.65;6601.96
30-Sep-18;6604.71;6643.78;6566.54;6625.56
01-Oct-18;6619.85;6653.30;6549.08;6589.62
02-Oct-18;6593.24;6611.84;6537.90;6556.10
03-Oct-18;6553.86;6571.46;6454.03;6502.59
04-Oct-18;6497.91;6603.31;6497.91;6576.69
05-Oct-18;6574.15;6623.62;6557.41;6622.48
06-Oct-18;6622.45;6628.54;6577.80;6588.31
07-Oct-18;6590.68;6641.49;6557.04;6602.95
08-Oct-18;6600.19;6675.06;6576.04;6652.23
09-Oct-18;6653.08;6661.41;6606.94;6642.64
10-Oct-18;6640.29;6640.29;6538.96;6585.53
11-Oct-18;6586.74;6586.74;6243.74;6256.24
12-Oct-18;6239.25;6328.50;6236.47;6274.58
13-Oct-18;6278.08;6308.51;6259.81;6285.99
14-Oct-18;6288.49;6363.21;6280.15;6290.93
15-Oct-18;6292.64;6965.06;6258.68;6596.54
16-Oct-18;6601.41;6673.59;6571.37;6596.11
17-Oct-18;6590.52;6601.21;6517.45;6544.43
18-Oct-18;6542.33;6567.54;6450.04;6476.71
19-Oct-18;6478.07;6493.68;6445.31;6465.41
20-Oct-18;6460.92;6497.72;6449.00;6489.19
21-Oct-18;6490.09;6556.38;6476.00;6482.35
22-Oct-18;6486.05;6543.80;6462.98;6487.16
23-Oct-18;6472.36;6506.01;6451.27;6475.74
24-Oct-18;6478.89;6521.99;6468.86;6495.84
25-Oct-18;6484.65;6504.65;6447.03;6476.29
26-Oct-18;6468.44;6498.29;6449.61;6474.75
27-Oct-18;6480.84;6507.41;6453.53;6480.38
28-Oct-18;6482.66;6502.28;6447.91;6486.39
29-Oct-18;6492.35;6503.60;6306.99;6332.63
30-Oct-18;6337.04;6364.99;6310.14;6334.27
31-Oct-18;6336.99;6349.16;6316.88;6317.61
01-Nov-18;6318.14;6547.14;6311.83;6377.78
02-Nov-18;6378.92;6396.86;6327.38;6388.44
03-Nov-18;6387.24;6400.07;6342.37;6361.26
04-Nov-18;6365.47;6388.63;6294.57;6376.13
05-Nov-18;6363.62;6480.59;6363.62;6419.66
06-Nov-18;6433.38;6463.55;6408.16;6461.01
07-Nov-18;6468.50;6552.16;6468.31;6530.14
08-Nov-18;6522.27;6536.92;6438.53;6453.72
09-Nov-18;6442.60;6456.46;6373.37;6385.62
10-Nov-18;6386.13;6437.28;6385.31;6409.22
11-Nov-18;6413.63;6423.25;6350.17;6411.27
12-Nov-18;6411.76;6434.21;6360.47;6371.27
13-Nov-18;6373.19;6395.27;6342.67;6359.49
14-Nov-18;6351.24;6371.55;5544.09;5738.35
15-Nov-18;5736.15;5774.82;5358.38;5648.03
16-Nov-18;5645.32;5657.02;5498.94;5575.55
17-Nov-18;5578.58;5578.58;5519.56;5554.33
18-Nov-18;5559.74;5653.61;5559.74;5623.54
19-Nov-18;5620.78;5620.78;4842.91;4871.49
20-Nov-18;4863.93;4951.61;4272.11;4451.87
21-Nov-18;4465.54;4675.73;4343.98;4602.17
22-Nov-18;4611.57;4629.64;4365.64;4365.94
23-Nov-18;4360.70;4396.42;4195.68;4347.11
24-Nov-18;4347.69;4413.09;3795.16;3880.76
25-Nov-18;3880.78;4120.87;3585.06;4009.97
26-Nov-18;4015.07;4107.14;3643.92;3779.13
27-Nov-18;3765.95;3862.96;3661.01;3820.72
28-Nov-18;3822.47;4385.90;3822.47;4257.42
29-Nov-18;4269.00;4413.02;4145.77;4278.85
30-Nov-18;4289.09;4322.98;3942.82;4017.27
01-Dec-18;4024.46;4309.38;3969.71;4214.67
02-Dec-18;4200.73;4301.52;4110.98;4139.88
03-Dec-18;4147.32;4155.98;3840.45;3894.13
04-Dec-18;3886.29;4075.63;3832.75;3956.89
05-Dec-18;3958.89;3969.54;3753.99;3753.99
06-Dec-18;3754.07;3874.97;3521.10;3521.10
07-Dec-18;3512.59;3512.59;3280.23;3419.94
08-Dec-18;3421.91;3506.04;3350.65;3476.11
09-Dec-18;3473.23;3685.31;3469.09;3614.23
10-Dec-18;3612.05;3647.33;3470.14;3502.66
11-Dec-18;3497.55;3513.18;3392.25;3424.59
12-Dec-18;3421.46;3534.23;3413.48;3486.95
13-Dec-18;3487.88;3489.74;3298.13;3313.68
14-Dec-18;3311.75;3329.56;3206.54;3242.48
15-Dec-18;3244.00;3275.38;3191.30;3236.76
16-Dec-18;3236.27;3305.75;3233.82;3252.84
17-Dec-18;3253.12;3597.92;3253.12;3545.86
18-Dec-18;3544.76;3701.35;3487.17;3696.06
19-Dec-18;3706.82;3949.32;3687.23;3745.95
20-Dec-18;3742.20;4191.23;3728.97;4134.44
21-Dec-18;4133.70;4198.43;3850.95;3896.54
22-Dec-18;3898.08;4014.18;3855.74;4014.18
23-Dec-18;4020.99;4085.72;3976.41;3998.98
24-Dec-18;4000.33;4271.79;4000.33;4078.60
25-Dec-18;4081.03;4089.56;3760.02;3815.49
26-Dec-18;3819.67;3893.36;3769.86;3857.30
27-Dec-18;3854.69;3874.42;3645.45;3654.83
28-Dec-18;3653.13;3956.14;3642.63;3923.92
29-Dec-18;3932.49;3963.76;3820.41;3820.41
30-Dec-18;3822.38;3901.91;3797.22;3865.95
31-Dec-18;3866.84;3868.74;3725.87;3742.70
01-Jan-19;3746.71;3850.91;3707.23;3843.52
02-Jan-19;3849.22;3947.98;3817.41;3943.41
03-Jan-19;3931.05;3935.69;3826.22;3836.74
04-Jan-19;3832.04;3865.93;3783.85;3857.72
05-Jan-19;3851.97;3904.90;3836.90;3845.19
06-Jan-19;3836.52;4093.30;3826.51;4076.63
07-Jan-19;4078.59;4092.61;4020.89;4025.25
08-Jan-19;4028.47;4109.02;3996.96;4030.85
09-Jan-19;4031.55;4068.40;4022.66;4035.30
10-Jan-19;4034.41;4064.07;3659.17;3678.92
11-Jan-19;3674.02;3713.88;3653.07;3687.37
12-Jan-19;3686.97;3698.98;3653.81;3661.30
13-Jan-19;3658.87;3674.76;3544.93;3552.95
14-Jan-19;3557.31;3727.84;3552.29;3706.05
15-Jan-19;3704.22;3720.15;3619.95;3630.68
16-Jan-19;3631.51;3685.78;3624.67;3655.01
17-Jan-19;3651.87;3680.14;3621.96;3678.56
18-Jan-19;3677.99;3682.52;3637.08;3657.84
19-Jan-19;3652.38;3758.53;3652.38;3728.57
20-Jan-19;3725.45;3743.39;3583.02;3601.01
21-Jan-19;3600.37;3608.84;3558.54;3576.03
22-Jan-19;3575.08;3620.75;3539.72;3604.58
23-Jan-19;3605.56;3623.07;3565.31;3585.12
24-Jan-19;3584.50;3616.09;3569.09;3600.87
25-Jan-19;3607.39;3612.93;3575.60;3599.77
26-Jan-19;3599.72;3654.93;3593.35;3602.46
27-Jan-19;3604.69;3612.67;3567.25;3583.97
28-Jan-19;3584.28;3586.75;3439.23;3470.45
29-Jan-19;3468.87;3476.07;3400.82;3448.12
30-Jan-19;3443.90;3495.17;3429.39;3486.18
31-Jan-19;3485.41;3504.80;3447.92;3457.79
01-Feb-19;3460.55;3501.95;3431.59;3487.95
02-Feb-19;3484.63;3523.29;3467.57;3521.06
03-Feb-19;3516.14;3521.39;3447.92;3464.01
04-Feb-19;3467.21;3476.22;3442.59;3459.15
05-Feb-19;3454.95;3478.15;3451.94;3466.36
06-Feb-19;3469.09;3469.09;3398.57;3413.77
07-Feb-19;3414.93;3427.95;3394.22;3399.47
08-Feb-19;3401.38;3695.61;3391.02;3666.78
09-Feb-19;3671.59;3679.94;3646.56;3671.20
10-Feb-19;3673.20;3695.04;3640.98;3690.19
11-Feb-19;3695.61;3695.61;3642.29;3648.43
12-Feb-19;3642.75;3668.59;3618.56;3653.53
13-Feb-19;3653.60;3669.75;3617.25;3632.07
14-Feb-19;3631.17;3646.26;3607.70;3616.88
15-Feb-19;3617.37;3647.80;3608.21;3620.81
16-Feb-19;3615.27;3652.84;3615.27;3629.79
17-Feb-19;3633.36;3680.54;3619.18;3673.84
18-Feb-19;3671.37;3936.67;3669.98;3915.71
19-Feb-19;3911.66;4010.88;3908.15;3947.09
20-Feb-19;3946.68;4000.49;3926.25;3999.82
21-Feb-19;4000.26;4010.01;3940.11;3954.12
22-Feb-19;3952.41;4006.54;3950.82;4005.53
23-Feb-19;3998.92;4166.29;3968.73;4142.53
24-Feb-19;4145.46;4210.64;3793.71;3810.43
25-Feb-19;3807.00;3913.71;3807.00;3882.70
26-Feb-19;3878.70;3891.58;3837.99;3854.36
27-Feb-19;3857.48;3888.80;3787.06;3851.05
28-Feb-19;3848.26;3906.06;3845.82;3854.79
01-Mar-19;3853.76;3907.80;3851.69;3859.58
02-Mar-19;3855.32;3874.61;3832.13;3864.42
03-Mar-19;3862.27;3875.48;3836.91;3847.18
04-Mar-19;3845.09;3867.38;3733.75;3761.56
05-Mar-19;3759.83;3903.92;3745.18;3896.38
06-Mar-19;3897.08;3919.51;3871.46;3903.94
07-Mar-19;3903.38;3939.37;3894.11;3911.48
08-Mar-19;3913.23;3950.43;3875.23;3901.13
09-Mar-19;3894.55;3987.24;3892.39;3963.31
10-Mar-19;3966.17;3966.17;3924.38;3951.60
11-Mar-19;3953.74;3966.38;3889.24;3905.23
12-Mar-19;3903.76;3926.89;3863.56;3909.16
13-Mar-19;3913.05;3926.60;3891.90;3906.72
14-Mar-19;3905.58;3946.50;3901.30;3924.37
15-Mar-19;3926.66;3968.54;3914.02;3960.91
16-Mar-19;3963.90;4077.04;3961.66;4048.73
17-Mar-19;4047.72;4054.12;4006.41;4025.23
18-Mar-19;4029.97;4071.56;4009.12;4032.51
19-Mar-19;4032.69;4082.22;4023.81;4071.19
20-Mar-19;4070.79;4089.46;4031.11;4087.48
21-Mar-19;4083.95;4097.36;4005.15;4029.33
22-Mar-19;4028.51;4053.91;4021.54;4023.97
23-Mar-19;4022.71;4049.88;4015.96;4035.83
24-Mar-19;4035.16;4040.70;4006.19;4022.17
25-Mar-19;4024.11;4038.84;3934.03;3963.07
26-Mar-19;3969.23;3985.08;3944.75;3985.08
27-Mar-19;3984.24;4087.07;3977.81;4087.07
28-Mar-19;4087.58;4094.90;4040.27;4069.11
29-Mar-19;4068.30;4113.50;4034.10;4098.37
30-Mar-19;4092.14;4296.81;4053.91;4106.66
31-Mar-19;4105.46;4113.02;4094.10;4105.40
01-Apr-19;4105.36;4164.95;4096.90;4158.18
02-Apr-19;4156.92;4905.95;4155.32;4879.88
03-Apr-19;4879.96;5307.00;4876.62;4973.02
04-Apr-19;4971.31;5063.16;4836.79;4922.80
05-Apr-19;4922.81;5053.51;4919.49;5036.68
06-Apr-19;5036.79;5205.82;4992.22;5059.82
07-Apr-19;5062.79;5235.19;5050.41;5198.90
08-Apr-19;5199.84;5318.84;5148.21;5289.77
09-Apr-19;5289.92;5289.92;5167.42;5204.96
10-Apr-19;5204.11;5421.65;5193.38;5324.55
11-Apr-19;5325.08;5354.23;5017.30;5064.49
12-Apr-19;5061.20;5103.27;4955.85;5089.54
13-Apr-19;5088.85;5127.12;5061.59;5096.59
14-Apr-19;5095.76;5184.02;5053.57;5167.72
15-Apr-19;5167.32;5196.61;5024.07;5067.11
16-Apr-19;5066.58;5238.95;5055.19;5235.56
17-Apr-19;5236.14;5274.28;5219.21;5251.94
18-Apr-19;5251.48;5319.99;5250.51;5298.39
19-Apr-19;5298.15;5336.68;5233.34;5303.81
20-Apr-19;5304.16;5358.49;5295.88;5337.89
21-Apr-19;5335.88;5359.93;5257.34;5314.53
22-Apr-19;5312.49;5422.69;5280.28;5399.37
23-Apr-19;5399.37;5633.80;5389.41;5572.36
24-Apr-19;5571.51;5642.04;5418.26;5464.87
25-Apr-19;5466.52;5542.24;5181.34;5210.52
26-Apr-19;5210.30;5383.63;5177.37;5279.35
27-Apr-19;5279.47;5310.75;5233.64;5268.29
28-Apr-19;5271.75;5326.23;5255.68;5285.14
29-Apr-19;5284.86;5311.27;5216.49;5247.35
30-Apr-19;5247.73;5363.26;5224.19;5350.73
01-May-19;5350.91;5418.00;5347.65;5402.70
02-May-19;5402.42;5522.26;5394.22;5505.28
03-May-19;5505.55;5865.88;5490.20;5768.29
04-May-19;5769.20;5886.89;5645.47;5831.17
05-May-19;5831.07;5833.86;5708.04;5795.71
06-May-19;5791.69;5802.96;5653.69;5746.81
07-May-19;5745.60;5988.18;5741.40;5829.50
08-May-19;5849.48;5989.98;5794.72;5982.46
09-May-19;5982.32;6183.04;5982.32;6174.53
10-May-19;6175.82;6434.62;6161.52;6378.85
11-May-19;6379.67;7333.00;6375.70;7204.77
12-May-19;7203.51;7503.87;6815.77;6972.37
13-May-19;6971.18;8047.41;6898.28;7814.92
14-May-19;7807.88;8268.71;7696.39;7994.42
15-May-19;7989.37;8216.42;7899.11;8205.17
16-May-19;8194.50;8320.82;7729.61;7884.91
17-May-19;7886.93;7929.15;7038.12;7343.90
18-May-19;7341.66;7447.27;7251.50;7271.21
19-May-19;7267.96;8261.94;7267.96;8197.69
20-May-19;8196.92;8200.97;7678.78;7978.31
21-May-19;7977.97;8062.17;7843.34;7963.33
22-May-19;7956.29;7997.61;7615.99;7680.07
23-May-19;7677.27;7943.79;7533.20;7881.85
24-May-19;7881.70;8140.72;7824.45;7987.37
25-May-19;7991.89;8117.93;7965.98;8052.54
26-May-19;8055.21;8687.52;7924.67;8673.22
27-May-19;8674.07;8907.17;8668.70;8805.78
28-May-19;8802.76;8807.02;8634.72;8719.96
29-May-19;8718.59;8755.85;8482.73;8659.49
30-May-19;8661.76;9008.31;8221.27;8319.47
31-May-19;8320.29;8586.66;8172.55;8574.50
01-Jun-19;8573.84;8625.60;8481.58;8564.02
02-Jun-19;8565.47;8809.30;8561.24;8742.96
03-Jun-19;8741.75;8743.50;8204.19;8208.99
04-Jun-19;8210.99;8210.99;7564.49;7707.77
05-Jun-19;7704.34;7901.85;7668.67;7824.23
06-Jun-19;7819.63;7937.34;7571.47;7822.02
07-Jun-19;7826.90;8126.15;7788.37;8043.95
08-Jun-19;8036.77;8076.89;7837.61;7954.13
09-Jun-19;7949.67;7975.97;7583.22;7688.08
10-Jun-19;7692.28;8031.91;7586.73;8000.33
11-Jun-19;8004.24;8026.39;7772.80;7927.71
12-Jun-19;7925.43;8196.65;7862.36;8145.86
13-Jun-19;8145.55;8311.57;8087.06;8230.92
14-Jun-19;8230.90;8710.64;8183.39;8693.83
15-Jun-19;8689.75;8859.13;8618.40;8838.38
16-Jun-19;8841.44;9335.87;8814.56;8994.49
17-Jun-19;8988.92;9416.41;8988.92;9320.35
18-Jun-19;9335.47;9348.37;9004.90;9081.76
19-Jun-19;9078.73;9299.62;9070.40;9273.52
20-Jun-19;9273.06;9594.42;9232.48;9527.16
21-Jun-19;9525.07;10144.56;9525.07;10144.56
22-Jun-19;10175.92;11157.35;10107.04;10701.69
23-Jun-19;10696.69;11246.14;10556.10;10855.37
24-Jun-19;10853.74;11065.90;10610.43;11011.10
25-Jun-19;11007.20;11790.92;11007.20;11790.92
26-Jun-19;11778.58;13796.49;11755.60;13016.23
27-Jun-19;13017.12;13311.14;10491.85;11182.81
28-Jun-19;11162.17;12445.18;10914.49;12407.33
29-Jun-19;12400.76;12400.91;11508.38;11959.37
30-Jun-19;11931.99;12178.38;10799.01;10817.16
01-Jul-19;10796.93;11206.44;10089.31;10583.13
02-Jul-19;10588.68;10912.19;9737.88;10801.68
03-Jul-19;10818.16;11968.08;10818.16;11961.27
04-Jul-19;11972.72;12006.08;11166.57;11215.44
05-Jul-19;11203.10;11395.66;10874.96;10978.46
06-Jul-19;10982.54;11620.97;10982.54;11208.55
07-Jul-19;11217.62;11541.62;11148.80;11450.85
08-Jul-19;11446.60;12345.83;11393.37;12285.96
09-Jul-19;12284.33;12779.13;12233.26;12573.81
10-Jul-19;12571.54;13129.53;11710.98;12156.51
11-Jul-19;12139.71;12144.62;11158.92;11358.66
12-Jul-19;11354.30;11905.49;11179.14;11815.99
13-Jul-19;11813.13;11841.96;10908.48;11392.38
14-Jul-19;11381.02;11451.20;10234.58;10256.06
15-Jul-19;10257.84;11052.77;9992.01;10895.09
16-Jul-19;10896.65;10996.63;9448.11;9477.64
17-Jul-19;9471.21;9963.13;9163.13;9693.80
18-Jul-19;9698.50;10736.84;9376.80;10666.48
19-Jul-19;10653.96;10716.98;10229.63;10530.73
20-Jul-19;10525.82;11048.66;10451.28;10767.14
21-Jul-19;10777.53;10841.89;10389.60;10599.11
22-Jul-19;10596.95;10651.79;10154.92;10343.11
23-Jul-19;10346.75;10346.75;9883.60;9900.77
24-Jul-19;9887.73;9908.80;9614.31;9811.93
25-Jul-19;9809.10;10154.25;9773.96;9911.84
26-Jul-19;9913.13;9916.52;9717.98;9870.30
27-Jul-19;9871.16;10167.32;9411.52;9477.68
28-Jul-19;9491.63;9575.55;9252.30;9552.86
29-Jul-19;9548.18;9681.65;9472.95;9519.15
30-Jul-19;9522.33;9701.76;9437.34;9607.42
31-Jul-19;9604.05;10085.63;9598.10;10085.63
01-Aug-19;10077.44;10446.92;9922.02;10399.67
02-Aug-19;10402.04;10657.95;10371.01;10518.17
03-Aug-19;10519.28;10946.78;10503.50;10821.73
04-Aug-19;10821.63;11009.21;10620.28;10970.18
05-Aug-19;10960.74;11895.09;10960.74;11805.65
06-Aug-19;11811.55;12273.82;11290.73;11478.17
07-Aug-19;11476.19;12036.99;11433.70;11941.97
08-Aug-19;11954.04;11979.42;11556.17;11966.41
09-Aug-19;11953.47;11970.46;11709.75;11862.94
10-Aug-19;11861.56;11915.66;11323.90;11354.02
11-Aug-19;11349.74;11523.58;11248.29;11523.58
12-Aug-19;11528.19;11528.19;11320.95;11382.62
13-Aug-19;11385.05;11420.05;10830.33;10895.83
14-Aug-19;10889.49;10889.56;10028.14;10051.70
15-Aug-19;10038.42;10437.41;9675.32;10311.55
16-Aug-19;10319.42;10524.35;9855.48;10374.34
17-Aug-19;10358.72;10452.62;10086.70;10231.74
18-Aug-19;10233.01;10487.07;10119.09;10345.81
19-Aug-19;10350.28;10916.05;10313.20;10916.05
20-Aug-19;10916.35;10947.04;10618.96;10763.23
21-Aug-19;10764.57;10798.73;9962.72;10138.05
22-Aug-19;10142.52;10233.00;9831.46;10131.06
23-Aug-19;10136.31;10442.44;10078.19;10407.97
24-Aug-19;10407.64;10418.02;9982.30;10159.96
25-Aug-19;10160.74;10304.62;10008.79;10138.52
26-Aug-19;10126.30;10512.33;10126.30;10370.82
27-Aug-19;10372.83;10381.33;10087.30;10185.50
28-Aug-19;10203.43;10279.37;9716.66;9754.42
29-Aug-19;9756.79;9756.79;9421.63;9510.20
30-Aug-19;9514.84;9656.12;9428.30;9598.17
31-Aug-19;9597.54;9673.22;9531.80;9630.66
01-Sep-19;9630.59;9796.76;9582.94;9757.97
02-Sep-19;9757.47;10396.59;9730.65;10346.76
03-Sep-19;10345.73;10736.10;10308.55;10623.54
04-Sep-19;10621.18;10762.64;10434.71;10594.49
05-Sep-19;10588.18;10627.27;10516.42;10575.53
06-Sep-19;10578.20;10898.76;10292.30;10353.30
07-Sep-19;10353.93;10558.67;10348.92;10517.25
08-Sep-19;10518.11;10595.64;10409.09;10441.28
09-Sep-19;10443.23;10450.31;10144.93;10334.97
10-Sep-19;10336.41;10394.35;10020.57;10115.98
11-Sep-19;10123.03;10215.95;9980.78;10178.37
12-Sep-19;10176.82;10442.25;10099.24;10410.13
13-Sep-19;10415.36;10441.49;10226.60;10360.55
14-Sep-19;10345.40;10422.13;10291.69;10358.05
15-Sep-19;10356.47;10387.03;10313.09;10347.71
16-Sep-19;10347.22;10386.87;10189.74;10276.79
17-Sep-19;10281.51;10296.77;10199.74;10241.27
18-Sep-19;10247.80;10275.93;10191.47;10198.25
19-Sep-19;10200.50;10295.67;9851.69;10266.41
20-Sep-19;10266.32;10285.87;10132.19;10181.64
21-Sep-19;10183.65;10188.10;10000.71;10019.72
22-Sep-19;10024.12;10074.44;9922.53;10070.39
23-Sep-19;10067.96;10074.24;9727.14;9729.32
24-Sep-19;9729.32;9804.32;8370.80;8620.57
25-Sep-19;8603.43;8744.83;8325.40;8486.99
26-Sep-19;8487.67;8515.69;7895.63;8118.97
27-Sep-19;8113.10;8271.52;7965.92;8251.85
28-Sep-19;8251.27;8285.62;8125.43;8245.92
29-Sep-19;8246.04;8261.71;7990.50;8104.19
30-Sep-19;8104.23;8314.23;7830.76;8293.87